CY_Qtr,CMS_Region_Number,CMS_Region_Name,Facility_Count,Census,Total_Nurse_HPRD,Nurse_Care_HPRD,Total_RN_HPRD,Direct_Care_RN_HPRD,Contract_Percentage
2017Q1,1,Boston,845,78935.2222222222,3.8238021837878318,3.543899505501698,0.7523577983071914,0.5184934735514494,2.6941449880783757
2017Q2,1,Boston,840,77078.0,3.8452227228647207,3.55919380367939,0.7474131214020674,0.5078095087921497,4.071297038630492
2017Q3,1,Boston,849,78553.22826086958,3.818077584335297,3.551728467971801,0.7261152289841682,0.5055121112145363,2.758384056418922
2017Q4,1,Boston,830,76587.38043478261,3.813942700288771,3.541036820829406,0.7374126782437622,0.5138630243176344,2.8923925616374038
2018Q1,1,Boston,866,81066.24444444447,3.7934449905303773,3.5111463615079135,0.7421323370379395,0.5107395625141687,2.9248174931013153
2018Q2,1,Boston,844,78511.83516483517,3.826215129321161,3.5444896653783697,0.7356818087340935,0.5052251140970277,3.169815050982506
2018Q3,1,Boston,874,81232.85869565218,3.7449150904478445,3.4815989005305865,0.7089100616946211,0.49371632650794683,3.2357541863623065
2018Q4,1,Boston,868,81285.27173913042,3.7685732361001802,3.493574472352805,0.7196919049857285,0.4976413316225934,3.3683018411735848
2019Q1,1,Boston,868,81631.51111111112,3.7471780777466654,3.4678273599682905,0.7106955116461019,0.49012466318834375,3.2532538400389854
2019Q2,1,Boston,867,81192.36263736263,3.756108444130442,3.4799777641078946,0.699311844547713,0.48076687909123694,3.4477776480551183
2019Q3,1,Boston,853,80670.73913043477,3.724409520018843,3.457663331675136,0.6891562629518704,0.4760557650610884,3.922155227381125
2019Q4,1,Boston,860,81093.01086956522,3.7233548286006006,3.4577641696189727,0.6877708380218795,0.47673167566443087,3.7434160664483795
2020Q1,1,Boston,661,61495.75824175824,3.802124408116061,3.5337009771423524,0.7242097980848851,0.5101777322620661,3.739745882159531
2020Q2,1,Boston,838,67480.24175824175,4.006159619861052,3.7043771396169376,0.7785643498088656,0.534657988614331,4.798881269734709
2020Q3,1,Boston,839,66371.34782608696,3.9699378693399,3.6659082592606413,0.775769784434221,0.5319197257066793,4.97385239460977
2020Q4,1,Boston,843,66502.55434782608,3.9913102438856973,3.6759605229285905,0.7898938975047545,0.5387198644707174,5.239780304388014
2021Q1,1,Boston,848,65946.85555555555,4.000252063235431,3.6754605737245987,0.7859942660900183,0.5301849704905484,5.3942312033582
2021Q2,1,Boston,837,67677.46153846153,3.814282968553655,3.5027786646064745,0.7336612688919276,0.4907081618062664,6.417991576465368
2021Q3,1,Boston,832,69193.21739130435,3.6434308857239075,3.350630047302952,0.6965513772397898,0.4692752698178511,7.160736523627918
2021Q4,1,Boston,828,69416.82687772567,3.5841925158804684,3.299871200578163,0.6753286149578653,0.4569131834212533,8.16206502488228
2022Q1,1,Boston,825,69115.88888888889,3.667271920108417,3.3720128158342755,0.691128401091243,0.4614236748906427,9.579325783753102
2022Q2,1,Boston,819,69715.23076923078,3.6760955809867655,3.385880739952139,0.6847688587449792,0.45869973074135495,10.812611372096775
2022Q3,1,Boston,817,70704.64130434782,3.6641149795375023,3.381118969036379,0.6739428489028225,0.45385742464788076,12.05399148128714
2022Q4,1,Boston,821,71608.36956521739,3.6760950444522367,3.4035233129476916,0.6673495963096369,0.4546688160389315,12.856887036247716
2023Q1,1,Boston,815,72362.67777777779,3.7139157263543323,3.4298196292410403,0.6790455269989549,0.46036216029718213,13.014961269609104
2023Q2,1,Boston,811,71810.75824175825,3.76288163685413,3.480582677700349,0.6787272102086391,0.4604986228302443,13.07598302971982
2023Q3,1,Boston,807,71927.21739130434,3.7186883706718006,3.4433258982812327,0.6625691323838225,0.4518282989567957,12.358554595220724
2023Q4,1,Boston,805,72218.07608695651,3.7241802342933825,3.4482746250298937,0.6644279772783614,0.455727486328772,11.238106820462228
2024Q1,1,Boston,799,72723.41758241759,3.7396977499123194,3.4562886435147693,0.6631668835302683,0.45220452743504636,10.308060899730048
2024Q2,1,Boston,796,72145.81318681319,3.7502395103688824,3.468373527421344,0.6585340463581919,0.45046775082635615,9.409088002520352
2024Q3,1,Boston,794,72183.82608695653,3.7712256223241636,3.4909868629489433,0.6547579082511558,0.44875952881170544,9.151082157722259
2024Q4,1,Boston,791,72274.83695652174,3.796001117413375,3.510630837751729,0.6573760276480852,0.4490408081470412,8.381438598749362
2025Q1,1,Boston,783,72492.85555555555,3.8161603082112143,3.5210303314181006,0.6685822909445329,0.45396427571330017,7.657233736576371
2025Q2,1,Boston,783,72035.42857142858,3.8434065990727393,3.5475805769566398,0.6714264775696454,0.4562901023672114,7.568653778439906
2025Q3,1,Boston,786,72722.3043478261,3.832099337981947,3.5505448869523306,0.6670797458826403,0.4623364056718441,7.435250205356585
2025Q4,1,Boston,779,72702.25,3.82853311160306,3.5431537747695447,0.6703175922879007,0.4616629860298266,7.175057661512156
2017Q1,2,New York,901,136877.4777777778,3.5775343959273225,3.3618274388619924,0.6275873183584376,0.4379149649893704,6.343845754170731
2017Q2,2,New York,876,133062.06593406593,3.60039621929715,3.3874924797549664,0.6254413457224952,0.43675472439202134,6.513016487404949
2017Q3,2,New York,902,135794.33695652173,3.57591237996654,3.3709162224940696,0.6187964071947359,0.43640489426185486,7.16263597688939
2017Q4,2,New York,885,133190.98913043478,3.625799866830659,3.4155253117642217,0.6239362696800796,0.43739679885969585,6.511840586017659
2018Q1,2,New York,926,140574.36666666667,3.5956846589622433,3.382162661550512,0.6402659920692036,0.4518576043538203,7.050478486513994
2018Q2,2,New York,950,142612.7142857143,3.639616459916765,3.4265464548303703,0.6456090570966919,0.45778538849201733,7.25229989920669
2018Q3,2,New York,963,144641.84782608697,3.5957026959393694,3.392753091030694,0.6310475116573547,0.4523777027966378,7.847740120714386
2018Q4,2,New York,954,143525.79347826086,3.6146696158916476,3.404908539769364,0.6381949570797498,0.45477817386709696,7.849706131974892
2019Q1,2,New York,967,145725.67777777778,3.6082514627369475,3.395465057595659,0.643930565580946,0.45784702551087053,7.566288542680449
2019Q2,2,New York,966,144784.24175824175,3.6192247911746827,3.406421650829283,0.6498392849200543,0.46492218584288303,7.708508851960379
2019Q3,2,New York,977,146534.14130434784,3.587973180460022,3.3819039189635363,0.6410302214033664,0.4600982483604319,8.179403455871526
2019Q4,2,New York,965,145125.38043478262,3.5992621986910125,3.3911286582404174,0.6465926801674863,0.4643758638987949,8.169729136104314
2020Q1,2,New York,691,102394.34065934065,3.6019706532115388,3.373585383378312,0.6699223622098793,0.4690621734438665,7.138281666201765
2020Q2,2,New York,944,121646.94505494506,3.773073689560276,3.529563237045558,0.7116201442979646,0.5000783523061514,8.331365454897176
2020Q3,2,New York,957,121472.17391304347,3.7526944281388497,3.5143789989476923,0.716590288167625,0.5086576716442485,7.321512670807506
2020Q4,2,New York,966,122166.31521739131,3.7315244008501964,3.4910506721014043,0.7164043822654099,0.5092498101082976,7.8775434191302995
2021Q1,2,New York,962,122067.92222222222,3.7103719140700617,3.4697487482606455,0.7164031691645623,0.5103415903331777,8.270723297405675
2021Q2,2,New York,953,124372.53846153847,3.5777349360097794,3.3408259429023124,0.6896595534808094,0.48785034786927367,8.873403676140779
2021Q3,2,New York,952,127581.48913043478,3.4416696063905277,3.2200771561432555,0.6562033924268524,0.4659365195151912,9.819927687019128
2021Q4,2,New York,951,128277.80739655555,3.453556574389882,3.2416792957778986,0.6440803122388804,0.4580982552263452,11.114380368789002
2022Q1,2,New York,953,129923.92222222222,3.4789150445564174,3.264037215625249,0.6372317919726185,0.449096752603853,12.604619399234979
2022Q2,2,New York,949,131347.8791208791,3.5007520202411926,3.289552942914702,0.6361810290381463,0.45215921363760353,14.0038452293582
2022Q3,2,New York,948,132114.90217391303,3.468100861807461,3.2601506988605347,0.6200068879436386,0.4405829831427206,15.218851486828248
2022Q4,2,New York,951,134022.7717391304,3.455707230155161,3.2537670958739575,0.6176928482708363,0.44442613053670715,15.617865891963955
2023Q1,2,New York,952,135711.86666666667,3.481343996119885,3.2687325041910698,0.6301189628222145,0.45004235443915996,15.827971055393238
2023Q2,2,New York,951,135708.06593406593,3.5279155660089367,3.3228235666509076,0.634482439438115,0.4615601621904291,15.989361673969023
2023Q3,2,New York,944,135178.67391304352,3.537949999027052,3.349164460917186,0.6323649078618818,0.47216353750165474,15.514768849802435
2023Q4,2,New York,954,137064.92391304346,3.571714791934925,3.375144520927998,0.6376614192591844,0.4702257427513918,13.972601389061708
2024Q1,2,New York,951,138855.61538461538,3.5736521349831243,3.3720401957571386,0.6432269498691066,0.4719300489297876,13.456081659096112
2024Q2,2,New York,948,138157.16483516485,3.606286268019971,3.402808776785667,0.6515076395714962,0.4800987782507932,12.719988703774135
2024Q3,2,New York,949,138731.94565217392,3.585203610121146,3.3903696673730916,0.6330957447733702,0.47016883434656065,12.97900041019669
2024Q4,2,New York,949,138891.1413043478,3.623604776496453,3.426172508419756,0.6388055080671955,0.4744800686493214,12.323372260532178
2025Q1,2,New York,946,140610.36666666664,3.584712136366112,3.389377629261251,0.6398580395486881,0.47500448639277665,11.600996198598
2025Q2,2,New York,947,139920.95604395607,3.647961302641277,3.4506468887810824,0.6525455125488039,0.4865652467676613,11.284866763693493
2025Q3,2,New York,942,139670.23913043478,3.610666282895223,3.4153926251134057,0.6468110912178079,0.48243712636176783,10.913186860836257
2025Q4,2,New York,942,139320.28260869565,3.625553925401481,3.4306178896827197,0.6536629486670764,0.49090300766157674,10.42969294887177
2017Q1,3,Philadelphia,1307,138535.05555555556,3.730372461683384,3.4574151331933236,0.6784808249496413,0.4510775379356448,2.0734078606325443
2017Q2,3,Philadelphia,1266,132326.1208791209,3.758650055137669,3.484181376896259,0.6694588220560974,0.44282783120656677,2.3833138466512183
2017Q3,3,Philadelphia,1330,139786.59782608695,3.721273291811969,3.451381068674013,0.6600181620011314,0.43852608560859907,2.2479622696413313
2017Q4,3,Philadelphia,1322,138734.78260869565,3.730184169043217,3.464441068350623,0.6665878506064119,0.44612869723275583,2.2785183262462794
2018Q1,3,Philadelphia,1334,139931.1,3.710876929987527,3.43594777000967,0.6802011466119162,0.45090763875142054,2.711006173682852
2018Q2,3,Philadelphia,1318,137208.37362637362,3.7604101910609677,3.4833086789788408,0.6819758701812487,0.4532538526066316,3.1508096281998315
2018Q3,3,Philadelphia,1361,140646.41304347827,3.7187706729873793,3.453168761162551,0.6697188215591517,0.4486316000578078,3.5674017711713635
2018Q4,3,Philadelphia,1351,139989.29347826086,3.733334599734528,3.464677372454336,0.6762220309550074,0.45151494660111813,3.9798170239640744
2019Q1,3,Philadelphia,1375,143160.38888888888,3.7077316583924715,3.4289054413328923,0.6847926059621552,0.45297994052513724,4.2411081210221715
2019Q2,3,Philadelphia,1373,141962.64835164836,3.7091049982889017,3.436625344338757,0.6800753432976221,0.4533756062285691,4.417047900375292
2019Q3,3,Philadelphia,1383,142548.96739130435,3.708246964715787,3.441387459915567,0.6765783214844939,0.4543502236645608,4.758637575377143
2019Q4,3,Philadelphia,1374,142140.8804347826,3.7138224821500967,3.4428705507342277,0.6817146078511667,0.456426620833388,4.792180820622737
2020Q1,3,Philadelphia,1048,103365.45054945054,3.7760436671083575,3.4788091691316936,0.7148457558458966,0.4685805935964321,4.889450754886052
2020Q2,3,Philadelphia,1359,126227.67032967032,3.847318496022973,3.54628464544877,0.74069641998698,0.49020384412675566,5.447151560187569
2020Q3,3,Philadelphia,1361,123361.60869565218,3.7912072056100863,3.490782624923475,0.7487032132821259,0.49936799448211133,5.653295748970826
2020Q4,3,Philadelphia,1353,119871.1195652174,3.8443277821116397,3.5423912484631352,0.7543187833164658,0.5029917276190562,6.9989035318636335
2021Q1,3,Philadelphia,1368,117793.47777777779,3.871166102103561,3.5523789951396103,0.7673960131540956,0.5066395932315817,7.318093016379952
2021Q2,3,Philadelphia,1368,121564.94505494504,3.6628567681002604,3.3650039277155694,0.7232554099875165,0.47629848559219934,7.973255056866413
2021Q3,3,Philadelphia,1344,122874.52173913043,3.5340426527379996,3.2548699380138246,0.6930244630966761,0.4602024882931122,9.968123153855437
2021Q4,3,Philadelphia,1358,124283.20985729404,3.5695420374895295,3.3010314905605154,0.6787346748140141,0.45566187842115025,11.746275712078173
2022Q1,3,Philadelphia,1365,125277.33333333333,3.5524563306654753,3.2694649187225506,0.6724558774487892,0.440613666035179,12.712920334146851
2022Q2,3,Philadelphia,1355,126025.98901098901,3.555681965999514,3.278981426733453,0.6565162409811683,0.43103075634582605,13.05322442482224
2022Q3,3,Philadelphia,1356,127086.41304347824,3.520586944008485,3.250774307964026,0.6481200492646647,0.42803534825243,14.271783674759723
2022Q4,3,Philadelphia,1350,128506.95652173912,3.5273590196436664,3.26593233152663,0.6440214816656855,0.4332935215823202,15.158833338386893
2023Q1,3,Philadelphia,1352,130241.95555555554,3.554250138374937,3.2828313405750116,0.6637722679566646,0.44743649341191993,15.13441948984724
2023Q2,3,Philadelphia,1352,129886.4065934066,3.577487451207368,3.3134156853710635,0.6519574221363162,0.44245784841750574,15.269892754669579
2023Q3,3,Philadelphia,1350,130867.54347826088,3.594380223814089,3.3348053167598777,0.6458491144464522,0.4391362574205879,14.573861377969383
2023Q4,3,Philadelphia,1348,131490.25,3.625754565369907,3.357578478913505,0.6533999768374295,0.43919660599732013,13.485836802299378
2024Q1,3,Philadelphia,1354,133382.5054945055,3.6102118743351346,3.3331901106031645,0.6613360287129274,0.44115013600478786,12.28842202800369
2024Q2,3,Philadelphia,1346,132098.75824175822,3.639876583345445,3.359492367806405,0.6615997405204749,0.4418421615463021,11.15484827076348
2024Q3,3,Philadelphia,1355,133568.6847826087,3.6661147639477796,3.3892080910334457,0.6537312727639966,0.4362626767745856,11.394204780307762
2024Q4,3,Philadelphia,1346,133424.5543478261,3.695406668106442,3.4154205727239284,0.6601545426380436,0.4396059595314368,10.523602011775719
2025Q1,3,Philadelphia,1348,134535.64444444445,3.6636585711114327,3.376984610769818,0.6646849145637407,0.43890477847754156,10.307577958010421
2025Q2,3,Philadelphia,1339,133209.2857142857,3.713331919655472,3.423723950868025,0.6645704483030709,0.4366353218454477,10.245069455787931
2025Q3,3,Philadelphia,1344,134085.15217391303,3.707889160149205,3.423013882158274,0.6583358376904229,0.4340274958304399,9.521670112373782
2025Q4,3,Philadelphia,1339,134001.68478260867,3.699978219774167,3.4164731575811618,0.6565132722617456,0.43431477216177133,8.611022123322048
2017Q1,4,Atlanta,2443,230738.7888888889,3.8392529609359602,3.577993345625893,0.522962949301353,0.3296875711934193,1.3591358799417685
2017Q2,4,Atlanta,2457,229787.32967032964,3.8763018150514412,3.6053795183860156,0.5290982172861509,0.32986702611353924,2.2142433339450447
2017Q3,4,Atlanta,2540,237399.51086956522,3.884571618059907,3.6190003138627755,0.5335457157959969,0.33827389300415656,1.7297645836010827
2017Q4,4,Atlanta,2517,236044.30434782608,3.884991600692501,3.621200249529427,0.5317902783173168,0.3378172037158096,1.4154366458719612
2018Q1,4,Atlanta,2588,240770.94444444447,3.8870012143861024,3.6096722426593995,0.5524429996513515,0.347579581977061,1.928600506747933
2018Q2,4,Atlanta,2601,240707.6813186813,3.907290436500906,3.633027683617341,0.5551023221408631,0.353636964428926,2.149756799440465
2018Q3,4,Atlanta,2599,240763.8043478261,3.9066498349681518,3.631129170434492,0.5547415543918878,0.3543849005000841,2.1425682689262913
2018Q4,4,Atlanta,2627,243122.3260869565,3.874181422538502,3.5924625892834237,0.5632229186470542,0.36031471677301097,2.037263477187427
2019Q1,4,Atlanta,2645,246461.16666666666,3.8700098681311306,3.5800902391429266,0.576633192833399,0.3680580524179943,2.0876592942153676
2019Q2,4,Atlanta,2639,244624.71428571432,3.8795563322854387,3.597578925673498,0.5765875012224377,0.3696597218731415,2.3667521219756726
2019Q3,4,Atlanta,2625,243142.66304347824,3.8953862656675207,3.6100222574642493,0.5855025142914619,0.37542807552821134,2.3451885034249353
2019Q4,4,Atlanta,2643,245052.05434782608,3.864651969907548,3.58433103543351,0.5801713238478303,0.3724722577798356,2.500029301222775
2020Q1,4,Atlanta,2143,197307.6813186813,3.8716809229563305,3.578463432941432,0.5940918609909138,0.37954421662735827,2.692282309671866
2020Q2,4,Atlanta,2625,223765.23076923075,3.96679086391369,3.662652409540689,0.6253281196010182,0.39958532382546164,2.703867023467284
2020Q3,4,Atlanta,2647,214744.77173913043,3.9596482902681394,3.6556202881691866,0.647620606140181,0.42304486736757596,3.560803995019605
2020Q4,4,Atlanta,2602,207551.52173913043,4.0039143146227705,3.6984263069306,0.6462307687876346,0.42147455843860665,4.1741387300932296
2021Q1,4,Atlanta,2643,206482.9777777778,3.978443540785822,3.6668427540004913,0.6440259735158153,0.4139590215346242,4.796003836011695
2021Q2,4,Atlanta,2640,211373.74725274727,3.8045599973922557,3.504160904301016,0.6095573904272791,0.3898340427255281,6.078817166153962
2021Q3,4,Atlanta,2641,216064.59782608692,3.738088087384094,3.4529220251813784,0.58927713647232,0.37895997890727423,8.14485166347627
2021Q4,4,Atlanta,2631,216820.39535519193,3.7179952052666194,3.4406837466610236,0.5591748601898553,0.3573890612267686,9.20764393427241
2022Q1,4,Atlanta,2591,213135.88888888888,3.706852229902361,3.4265080858690573,0.5580380148710551,0.3542083037269388,10.911916832964714
2022Q2,4,Atlanta,2607,217959.20879120877,3.6591608748446114,3.3840085593190934,0.5518471124347898,0.3513897625163051,11.313281202926733
2022Q3,4,Atlanta,2615,221346.3913043478,3.680368449157105,3.40532796716223,0.5569839973427445,0.3565492935821425,10.604541593758801
2022Q4,4,Atlanta,2621,225044.75,3.647428850020506,3.3866443461462272,0.5443059749903848,0.3543643257039168,10.165609658380188
2023Q1,4,Atlanta,2631,229244.56666666665,3.6747151748804314,3.396884560598577,0.5600996689076989,0.3596164208132693,9.35431236344891
2023Q2,4,Atlanta,2617,229011.61538461538,3.6784931303210935,3.4095514042979826,0.554820833743401,0.36202014178752,8.409049820729006
2023Q3,4,Atlanta,2621,231634.7608695652,3.6962268607090305,3.4307918322313835,0.5595602822622083,0.370047254865911,6.803090105088337
2023Q4,4,Atlanta,2620,232486.83695652173,3.7034519481210477,3.443158168515291,0.5611065091155935,0.3740346431020476,5.780478192639213
2024Q1,4,Atlanta,2629,236405.48351648354,3.683308217084084,3.417422518926901,0.5744932647152762,0.38345955837937046,5.390460217561497
2024Q2,4,Atlanta,2620,235735.14285714287,3.7279821230736787,3.458320573312441,0.5818254202961434,0.38885439274417577,5.251469355000263
2024Q3,4,Atlanta,2624,236804.92391304346,3.739887480306781,3.4702629902718027,0.5876564176172709,0.394558868465068,4.647369884979643
2024Q4,4,Atlanta,2623,238327.05434782608,3.74681134743182,3.480868672931137,0.5904478910944856,0.39975792125992016,4.1267973534954265
2025Q1,4,Atlanta,2621,239869.03333333335,3.7263800778693454,3.4512828565291627,0.6003158617158353,0.40484386132376965,4.075568346360465
2025Q2,4,Atlanta,2618,239349.4835164835,3.7579630902497043,3.4805628217655697,0.6027771354435371,0.40623918870208797,4.067859197919253
2025Q3,4,Atlanta,2617,240134.53260869568,3.7680985373371114,3.4971011887946704,0.6040361831594674,0.4110862611116949,3.641588004265723
2025Q4,4,Atlanta,2610,240264.59782608697,3.7576069422194536,3.4878143082560755,0.5990696873460567,0.4071010248981389,3.4412151236085675
2017Q1,5,Chicago,3136,250038.3111111111,3.6397659283146284,3.370471258004551,0.6702659614651054,0.45655949434948795,1.3223681660065514
2017Q2,5,Chicago,3138,246550.27472527474,3.6623759334018993,3.3951507222185704,0.6638864271045627,0.4530490542574848,2.7400259261078515
2017Q3,5,Chicago,3249,254033.1195652174,3.646142386346662,3.3814723636472093,0.6560899676424422,0.4525865991369575,1.5635764532212912
2017Q4,5,Chicago,3159,246205.4782608696,3.665500731008352,3.3918106840239126,0.6749702064871228,0.4643760288772582,1.670859364394637
2018Q1,5,Chicago,3293,256136.84444444443,3.6572161968454693,3.376507957378338,0.6874489209674206,0.47027781286704545,1.869842890817783
2018Q2,5,Chicago,3270,252700.61538461538,3.6788988520316543,3.3983678618785147,0.6866786410501137,0.4693584646662625,1.91933138888581
2018Q3,5,Chicago,3313,255463.39130434784,3.665192487803069,3.3941406541190777,0.6767782148824865,0.4683699532035391,2.000810217630996
2018Q4,5,Chicago,3288,255873.58695652176,3.6600093401250704,3.3849935829385864,0.6850020356519458,0.47408911159850087,2.076223680174563
2019Q1,5,Chicago,3343,257561.31111111114,3.6251407884845355,3.343842644500006,0.6956018433237771,0.4796487584962509,2.130222949448098
2019Q2,5,Chicago,3312,254709.46153846153,3.651479740265151,3.3716910437192356,0.6949056035014426,0.4801146205754534,2.3217882748466177
2019Q3,5,Chicago,3301,254131.70652173916,3.647869350268862,3.37146931428957,0.6964145337681585,0.4835901976025184,2.4526175206423932
2019Q4,5,Chicago,3300,253808.07608695654,3.6516140790737,3.3741226083916627,0.7028160438585418,0.4889886962260039,2.723729073189154
2020Q1,5,Chicago,2633,198202.4835164835,3.660461588676161,3.3706701904246437,0.708402583749131,0.4874006297034678,2.4962792289316638
2020Q2,5,Chicago,3257,228481.89010989008,3.7663753676199696,3.4679472251918693,0.7453360710724567,0.5152996649841485,2.7120105998750637
2020Q3,5,Chicago,3234,223710.8586956522,3.6923549482714955,3.40050016473613,0.7494639844453723,0.5240397618257147,3.034796596838053
2020Q4,5,Chicago,3242,216653.4239130435,3.793758388911563,3.4897710333298795,0.7719785236037423,0.5382912300074528,4.132649598252429
2021Q1,5,Chicago,3252,210551.25555555557,3.793464286051646,3.4774650595766783,0.7766950807913596,0.5345887686466211,4.452863465930022
2021Q2,5,Chicago,3231,214207.74725274727,3.599543571879101,3.299564727781724,0.7386633993240106,0.5083324204370768,5.062363978773863
2021Q3,5,Chicago,3242,221410.13043478262,3.4421919709105655,3.1629066165426227,0.7003547272983269,0.4854361854147124,6.626718587628913
2021Q4,5,Chicago,3197,218127.78011491091,3.4687429947564445,3.194845963493933,0.6864125154952646,0.4772464348919584,7.930173566358789
2022Q1,5,Chicago,3255,223314.35555555558,3.464376610211456,3.180536045550537,0.6787026584149539,0.4662305692443914,9.363922221342845
2022Q2,5,Chicago,3216,222862.3076923077,3.4963205783692404,3.2134410469777075,0.6696141736360154,0.4597446277132633,10.017001813385914
2022Q3,5,Chicago,3226,226037.5,3.482274441284032,3.210614951347531,0.6560623246912188,0.4545687864412649,9.722899651769305
2022Q4,5,Chicago,3237,227824.67391304346,3.5052079220911208,3.22946295802407,0.6589288912574359,0.457402652783629,9.688128210232879
2023Q1,5,Chicago,3230,230563.66666666666,3.5454403522189355,3.2578162059840796,0.6709099660590252,0.46087973338769267,9.04566214446871
2023Q2,5,Chicago,3184,228236.56043956042,3.5893754980553974,3.3075954281481716,0.666395926108476,0.46221302102835565,8.719729722199247
2023Q3,5,Chicago,3190,230351.78260869565,3.5925282493260298,3.3182110145899717,0.6627223484836332,0.4621814730060318,7.506169601278649
2023Q4,5,Chicago,3189,232212.02173913046,3.5932860921798127,3.319360533800023,0.6622669837057642,0.461801053160469,6.88912714158616
2024Q1,5,Chicago,3188,234802.9230769231,3.588316846589981,3.3054821714876534,0.6714296338112125,0.46467370391423907,6.56383686088642
2024Q2,5,Chicago,3181,233927.52747252746,3.631885784575434,3.3516488021907827,0.6749882778102825,0.46976849785119423,6.1869639794108195
2024Q3,5,Chicago,3145,231186.75,3.662674034792407,3.3816802706225517,0.6766375978463863,0.47039885879949955,5.935452812886546
2024Q4,5,Chicago,3176,236029.83695652176,3.665591387326907,3.389104214210206,0.6801228022709914,0.4766450819477733,5.829824522903829
2025Q1,5,Chicago,3164,238189.87777777776,3.6415758510868725,3.3616124208841964,0.6860562453232336,0.47959083063936503,5.722373365303298
2025Q2,5,Chicago,3166,236753.95604395607,3.716495826102214,3.433373091459998,0.6948808685791946,0.48564594531996624,5.3936298105481155
2025Q3,5,Chicago,3140,235489.46739130435,3.7056230120326163,3.42582762332535,0.6923700847693227,0.48613541979238356,4.996154885677591
2025Q4,5,Chicago,3149,238613.1304347826,3.6932424424691828,3.4121476691759756,0.691113952510358,0.48481441124818775,4.642482470255358
2017Q1,6,Dallas,1725,139480.74444444446,3.387301490520357,3.1178410863084496,0.29382740763818693,0.16058728058600205,1.0521092049226113
2017Q2,6,Dallas,1875,148161.58241758242,3.470577088245801,3.192306518781395,0.3006920510900484,0.16379433235351012,7.374016696755649
2017Q3,6,Dallas,1915,152391.46739130435,3.458450837606094,3.187495141766967,0.2985117647876983,0.16549984076336594,0.9345970510635565
2017Q4,6,Dallas,1800,143398.48913043478,3.4623570415399914,3.1847799765339233,0.30312927164580367,0.1676050373764625,1.0333373659281382
2018Q1,6,Dallas,1940,152981.3111111111,3.4788282613751353,3.1928873722992135,0.3139269793158467,0.17465868743008411,1.105385421792382
2018Q2,6,Dallas,1940,152308.8131868132,3.501806047314803,3.2172106532837894,0.31497508243445826,0.1761495030844649,1.0853851403148331
2018Q3,6,Dallas,1983,154848.9456521739,3.5386422785234677,3.258328742955179,0.32027592879259675,0.1838532025214192,0.9356707483735692
2018Q4,6,Dallas,2002,156013.28260869568,3.530420319563089,3.248107025028944,0.32346787432118046,0.18427432809162994,1.1449415850165587
2019Q1,6,Dallas,2010,156461.94444444444,3.4856512911375326,3.1960812004338988,0.3347835551065842,0.19176174611149674,1.2516962312735143
2019Q2,6,Dallas,2008,156382.1978021978,3.5043340069904816,3.218912718066049,0.3399377202092926,0.19869786687729005,1.4940283337602116
2019Q3,6,Dallas,2009,156645.32608695654,3.5269231752428802,3.242469242688239,0.345302013618414,0.2048381132397545,1.3039275106982
2019Q4,6,Dallas,1989,155321.59782608697,3.526938653300472,3.2475229962909333,0.346252704854241,0.20755707005387886,1.378505322732075
2020Q1,6,Dallas,1644,126307.7252747253,3.5517152248872748,3.2636113232265527,0.3615831890769473,0.2171782459078879,1.3706517859098468
2020Q2,6,Dallas,1969,141776.03296703298,3.66944669192293,3.358913003088995,0.37519429925810077,0.22047851901377652,1.7117439047710317
2020Q3,6,Dallas,1958,133618.1195652174,3.699921096518819,3.38330862930511,0.39609178233198206,0.23674522713049762,2.190732584806022
2020Q4,6,Dallas,1931,127259.19565217392,3.7913716588004354,3.4793985315488403,0.39787201249486864,0.24170663160413977,2.6118058097314636
2021Q1,6,Dallas,1993,128394.88888888888,3.722039773130464,3.409402449387911,0.3939159078675683,0.23725674005715008,3.2605684908897294
2021Q2,6,Dallas,2001,132154.24175824175,3.5451210357261544,3.2406903288831037,0.3778041243182708,0.22564940267931996,3.6593649230957204
2021Q3,6,Dallas,2001,135212.58695652173,3.448618659923449,3.1531649918751117,0.36452698962455093,0.21801406287908298,4.654360350392208
2021Q4,6,Dallas,1951,133387.0252083092,3.443131910352561,3.1611383014291103,0.3466031859881806,0.20816603738362988,5.294063533301548
2022Q1,6,Dallas,1984,136685.93333333332,3.411620168343748,3.1230153667767486,0.3457147163156025,0.2052582579008782,6.584910825403813
2022Q2,6,Dallas,1970,136920.68131868134,3.4620361463788054,3.1743531114749834,0.33826888785052556,0.199192737882573,6.808480125259093
2022Q3,6,Dallas,1966,138853.8804347826,3.4537244720110447,3.1648515294894337,0.33284710616579505,0.19466471988030565,6.796945274375614
2022Q4,6,Dallas,1992,141978.51086956522,3.4094120895362083,3.1330263650584604,0.32636803885584986,0.19539033119142424,6.414372438306527
2023Q1,6,Dallas,1980,143185.13333333333,3.410752028725515,3.11706291202485,0.33268856977858197,0.1979462237777323,5.979465836748461
2023Q2,6,Dallas,1972,142353.9230769231,3.4372771139136487,3.152646579601516,0.337327407999579,0.20392448337439725,4.867792689655867
2023Q3,6,Dallas,1978,144452.6847826087,3.429080955272925,3.150401298845636,0.33739405719354326,0.20729682060027604,4.244794208078194
2023Q4,6,Dallas,1986,145789.05434782608,3.4469231348479745,3.172194089539583,0.3401335073687842,0.20927259851991348,4.06532176827439
2024Q1,6,Dallas,1984,146808.26373626373,3.4343757320604746,3.149574704301459,0.352274039578573,0.21649842524659518,3.948845408157378
2024Q2,6,Dallas,1981,146602.8131868132,3.47987234702181,3.191239406976584,0.36116060768514413,0.22238045969464032,3.630971783843432
2024Q3,6,Dallas,1977,147850.6739130435,3.4953943307370476,3.207906844464547,0.3612068470670541,0.22385430085084382,3.254916308027204
2024Q4,6,Dallas,1981,148055.58695652173,3.520437970051496,3.2381965872982184,0.3613653105025035,0.22622650540917574,3.07284576950058
2025Q1,6,Dallas,1985,149564.4222222222,3.5009084283116088,3.2098817729825533,0.3737014722306952,0.23248764449180515,3.2767542202888698
2025Q2,6,Dallas,1983,149277.93406593407,3.5504799867376238,3.2580333424811525,0.3776091459164751,0.2375931973488203,3.1966347819006065
2025Q3,6,Dallas,1969,149344.05434782608,3.5473023292509662,3.2577099494434116,0.37960849084034365,0.24185857168299657,2.637667333137894
2025Q4,6,Dallas,1965,149513.96739130435,3.540645395569776,3.2534469711096494,0.37034538433772934,0.23520292527563047,2.7074955249040005
2017Q1,7,Kansas City,1335,81577.05555555555,3.6517135632500173,3.396617912035452,0.5595709932054697,0.36734472587948547,2.3647520327600398
2017Q2,7,Kansas City,1356,82408.34065934065,3.6441334795008355,3.3893107507121787,0.5512444448770857,0.3641980920793918,11.975407160253344
2017Q3,7,Kansas City,1382,83476.16304347826,3.6412676842009177,3.3904309873933025,0.5515963213658888,0.36616501560520986,2.2578633888190978
2017Q4,7,Kansas City,1371,82592.77173913043,3.677037010423721,3.4265417373217346,0.5618115320913831,0.37046194036087227,2.4023217671001693
2018Q1,7,Kansas City,1397,84063.94444444445,3.681502345767211,3.4189180603918565,0.5752803163729197,0.37537100659484735,2.6788974031434076
2018Q2,7,Kansas City,1390,83952.18681318681,3.6859535261371286,3.4240934825670664,0.5721975420598511,0.3710525378849211,2.6364976626019865
2018Q3,7,Kansas City,1417,84572.72826086957,3.6983559647851343,3.4457815713283053,0.5732040354770545,0.37800906757510355,2.847899372455848
2018Q4,7,Kansas City,1422,85705.39130434781,3.666824134395685,3.413256561659152,0.5657597677889472,0.3707063935909871,2.8609912977530327
2019Q1,7,Kansas City,1434,85251.67777777779,3.6804258423848544,3.416877121088917,0.5887146632891291,0.3841702600574429,2.8961978755860747
2019Q2,7,Kansas City,1454,87531.23076923078,3.6795467564355686,3.4214697247148966,0.5793405782199936,0.37968668137538847,3.0486180154348697
2019Q3,7,Kansas City,1439,86706.61956521738,3.675447393879084,3.420341991591084,0.5810873185676487,0.3841170431172888,3.189890534118568
2019Q4,7,Kansas City,1430,86496.46739130434,3.659991565375564,3.4047728727297852,0.5820130427543223,0.38556620746637676,3.4482332491092422
2020Q1,7,Kansas City,1246,74159.82417582418,3.6271975392025304,3.3798596467623225,0.5887873902874455,0.3960456477723195,2.950648923253611
2020Q2,7,Kansas City,1397,78567.12087912088,3.8132791797816052,3.5429766750848444,0.6291418005015098,0.418689100157659,3.6371830844059163
2020Q3,7,Kansas City,1411,78136.47826086955,3.738509276411006,3.475235230830781,0.6268647542009825,0.4230632549847286,4.069614281317035
2020Q4,7,Kansas City,1395,72439.42391304347,3.8856235547332134,3.6119062869170913,0.6571707875260694,0.44322735322931744,5.339630815895163
2021Q1,7,Kansas City,1404,71166.5,3.894511834141687,3.6127043310796187,0.6605107459268053,0.44038364961042065,5.1549523605840974
2021Q2,7,Kansas City,1396,72789.58241758242,3.7005435205979857,3.4280786512138257,0.6313033186731829,0.419667359717578,5.796603558231251
2021Q3,7,Kansas City,1415,75955.34782608696,3.4450510440058326,3.1959871589314783,0.5931386961904963,0.39773722175442894,7.455374446141767
2021Q4,7,Kansas City,1351,73759.59266256612,3.4763528395562786,3.228015918332372,0.5787815255819823,0.3863070534110201,9.387544394838024
2022Q1,7,Kansas City,1395,75220.51111111112,3.462503811755837,3.2081089303951678,0.5754257231257551,0.37995980558494247,10.630393936916056
2022Q2,7,Kansas City,1398,76740.0989010989,3.516954601581561,3.2616964339029875,0.5665102589029993,0.37310823789560016,11.00568879924185
2022Q3,7,Kansas City,1395,77223.66304347826,3.5188062906489717,3.2744878027221045,0.5645605431540824,0.37947607436727054,10.989004531772625
2022Q4,7,Kansas City,1374,77028.32608695651,3.485404522277661,3.241144665020181,0.5552455844165741,0.37173554307943746,10.531077545649703
2023Q1,7,Kansas City,1364,77351.82222222221,3.515018745518312,3.2637750385540016,0.5647992247255825,0.37721300970572563,10.130512091372369
2023Q2,7,Kansas City,1362,77098.64835164836,3.550890276578729,3.2986268042212803,0.5594090345507119,0.37107348841080867,9.254964534929208
2023Q3,7,Kansas City,1366,78396.46739130434,3.537259876810666,3.295360889292511,0.5504860370399897,0.37070534733222643,8.220793257656881
2023Q4,7,Kansas City,1356,78269.1847826087,3.5649562831171413,3.3213489552846114,0.5560348240777195,0.37415582788773144,7.345053279301752
2024Q1,7,Kansas City,1359,78881.00000000001,3.5591943031170468,3.31063631111602,0.5578440315785175,0.3744413068454346,7.197839702350996
2024Q2,7,Kansas City,1342,77855.96703296705,3.618266977355903,3.3714195443742057,0.5586067792414086,0.3753211883369304,6.581562618524564
2024Q3,7,Kansas City,1346,78534.10869565218,3.6423190920367183,3.3978329977918764,0.5586873551757768,0.37794532782626433,6.29762637591522
2024Q4,7,Kansas City,1345,78690.16304347826,3.6436776114908573,3.4007859139346044,0.5612530597783407,0.38082029064181966,5.724937373300268
2025Q1,7,Kansas City,1342,79044.84444444445,3.636224875724555,3.387781073922032,0.5641539219087448,0.3822004710125167,5.720998819128153
2025Q2,7,Kansas City,1342,78801.04395604394,3.7100954553092755,3.4584601977856324,0.568128730095755,0.3827338498193043,5.2094867528309114
2025Q3,7,Kansas City,1337,79292.98913043478,3.7026719246383295,3.4537514515168373,0.5610882781319417,0.37821158321058873,4.617069033500648
2025Q4,7,Kansas City,1320,79110.78260869566,3.680962184014932,3.4366999372921194,0.5601428720209635,0.379810382853324,4.581344426678809
2017Q1,8,Denver,560,37318.34444444445,3.8473229102994018,3.5810880052735445,0.8323500268411334,0.615196017686863,2.714621526687799
2017Q2,8,Denver,557,36186.956043956045,3.8934100169054915,3.6317562275035047,0.8317125957291999,0.6132645543761899,4.837555579887067
2017Q3,8,Denver,586,38125.608695652176,3.8465966587561256,3.583949573435179,0.8144430024780787,0.5981862670189726,3.068051215923082
2017Q4,8,Denver,572,37091.19565217391,3.89005372773921,3.622305612781658,0.8351310078859688,0.6136469483265395,2.991286198212953
2018Q1,8,Denver,584,37420.433333333334,3.902343722487922,3.6251857170131943,0.8549710066306616,0.6263022697937756,3.2596699143825325
2018Q2,8,Denver,591,38022.01098901099,3.9214484814030515,3.640485681659815,0.8486580878687098,0.6162592460179949,3.203356280795819
2018Q3,8,Denver,595,38224.27173913043,3.89098873553197,3.618281324778559,0.8494035288868643,0.6221284962064566,3.7594622955535195
2018Q4,8,Denver,605,38844.60869565217,3.8911556245285,3.610434174178947,0.8638012661373186,0.6270240820168655,4.430089588226354
2019Q1,8,Denver,607,39128.03333333333,3.8826587558848824,3.5930117281642064,0.8735049039861449,0.6342243881411537,4.537828372915279
2019Q2,8,Denver,607,38870.87912087912,3.9214183362781827,3.6280087355996877,0.8725413442646127,0.6307304770655167,5.063570297546196
2019Q3,8,Denver,599,38561.043478260865,3.893672285839279,3.619874132375094,0.8665694426905279,0.633233565865077,5.403267648569499
2019Q4,8,Denver,600,38746.34782608696,3.871546100838677,3.5987424957864205,0.8657641112879082,0.6335660668158345,5.815668494066618
2020Q1,8,Denver,526,34282.604395604394,3.9055637738935944,3.6311415073867273,0.8789082920021271,0.6467828139539578,5.302333453545864
2020Q2,8,Denver,588,35334.98901098901,4.045999271027316,3.759841992682905,0.9065576970683106,0.6606554969640652,5.245152280788888
2020Q3,8,Denver,589,34773.34782608696,3.9912897777783334,3.7015883260168017,0.928051009206201,0.682994075297548,4.852081292606818
2020Q4,8,Denver,580,32555.65217391304,4.029480418146853,3.7276576965196724,0.9585670390501885,0.7032966024733566,5.456817362011181
2021Q1,8,Denver,590,31973.244444444448,4.162279697747284,3.830476985618532,0.9826747954539766,0.7213325203850997,6.022828556006023
2021Q2,8,Denver,586,32987.0989010989,3.95629384248121,3.660945661074292,0.930854030180297,0.6821027901017582,6.066943466043851
2021Q3,8,Denver,594,33903.086956521736,3.8185871493040913,3.539529502892516,0.8936663744868687,0.6579942893490526,7.532057058039357
2021Q4,8,Denver,589,33299.811918684725,3.7383529838058713,3.46269425654112,0.8792164502277864,0.6456475098017777,9.01694661024782
2022Q1,8,Denver,596,33645.944444444445,3.779357426270625,3.497739853077885,0.883216313011144,0.6461631961586918,11.383372808956551
2022Q2,8,Denver,587,33705.68131868132,3.766029247360066,3.491098021431155,0.8584248065917733,0.6260914405469192,12.321345708105538
2022Q3,8,Denver,583,34006.15217391305,3.734080415755973,3.4702493410719155,0.8371639211063472,0.6149407588013168,13.247059260811723
2022Q4,8,Denver,573,33853.05434782608,3.7209298371060866,3.454733870587105,0.8302716728726232,0.6099915106240815,13.91699841210349
2023Q1,8,Denver,575,34443.077777777784,3.7869320524653083,3.50766806231344,0.8499355748631314,0.6182769122774873,12.482661877814081
2023Q2,8,Denver,566,34335.32967032967,3.829482457277369,3.553029385360608,0.8417298524731037,0.6130028980497774,10.821872617861974
2023Q3,8,Denver,560,34015.184782608696,3.7065671150065023,3.4454549934060785,0.8163978715388298,0.599329666386208,10.233007098491111
2023Q4,8,Denver,563,34516.21739130435,3.7614153680752453,3.4843067404987957,0.8374588599184002,0.6123394610976819,9.757479523315254
2024Q1,8,Denver,567,34759.63736263736,3.813085219151808,3.5320509799321993,0.8494109405028633,0.6206888183749816,9.365475582837762
2024Q2,8,Denver,561,34315.703296703294,3.851594576410569,3.5707886499276746,0.8468019351022775,0.6184538075510235,9.05074154947598
2024Q3,8,Denver,563,34965.58695652174,3.7933950150986964,3.522031637317934,0.832597137433887,0.6098865841383173,8.73116665905607
2024Q4,8,Denver,565,34977.69565217391,3.847799119190242,3.5790887640198026,0.8556985756140247,0.6294834565381415,8.929510815066303
2025Q1,8,Denver,559,34990.7888888889,3.8038151691349884,3.529819895458201,0.8529090290746358,0.6239249726356557,8.027364583862617
2025Q2,8,Denver,561,35334.86813186813,3.826432910492484,3.550228037990057,0.8573568989694518,0.6260542787950637,7.501258894442063
2025Q3,8,Denver,563,35736.21739130435,3.821598515329109,3.554324096367952,0.8454008781737685,0.6230153400581313,7.048333489041891
2025Q4,8,Denver,553,35269.239130434784,3.7736632827596415,3.5107489128659344,0.8440214283292805,0.625891810513534,7.127708399274782
2017Q1,9,San Francisco,1264,112549.13333333333,3.8852228054078504,3.649577830798243,0.5560244849113801,0.40239411686076454,0.8700058599019292
2017Q2,9,San Francisco,1230,108244.04395604397,3.918819049303324,3.6855396850503057,0.5640384923851356,0.40980968422189695,1.2769220652960436
2017Q3,9,San Francisco,1313,114196.67391304346,3.921844120183963,3.695364839682568,0.5506864178066558,0.401754812016721,1.7645877229502844
2017Q4,9,San Francisco,1285,112133.40217391304,3.916910735107537,3.6898122839517704,0.5553787622719948,0.4065310417822407,1.9273332582678506
2018Q1,9,San Francisco,1339,116929.32222222221,3.9800919244759347,3.749440170838243,0.5717033632567596,0.4242968311626806,2.1999317818658666
2018Q2,9,San Francisco,1346,115830.83516483517,4.062877371566681,3.831670242678649,0.5870654059168889,0.43792518570564165,1.1556853445898119
2018Q3,9,San Francisco,1367,118011.5543478261,4.1412683218288375,3.916727438166287,0.5822965124177693,0.43768375756869027,1.3501641620408964
2018Q4,9,San Francisco,1379,119182.95652173912,4.110168726707351,3.8828128128182895,0.5845871181610444,0.4411913342584728,1.4443849789712695
2019Q1,9,San Francisco,1389,121106.02222222222,4.104650021991745,3.869889394435104,0.5913422710789134,0.44396163710365094,1.4833108202191299
2019Q2,9,San Francisco,1374,119548.28571428571,4.129504074586995,3.886896889518368,0.5957382643860668,0.4475780350465778,1.5829771409645543
2019Q3,9,San Francisco,1382,119948.27173913043,4.1593539407068745,3.925841194587414,0.602864597157416,0.4557131466363082,1.651963580686971
2019Q4,9,San Francisco,1396,121750.86956521739,4.154936784667197,3.9228309046984755,0.6025372981891031,0.4579188015798473,1.5134346795179416
2020Q1,9,San Francisco,1168,101290.18681318683,4.17628556057034,3.9394656067590375,0.6147840569479024,0.46692936961555426,1.5008766795040884
2020Q2,9,San Francisco,1385,108938.73626373628,4.291865674073293,4.027853365511916,0.639916350807113,0.47991283234603593,1.4969573310500124
2020Q3,9,San Francisco,1376,103710.13043478261,4.3514543042837195,4.0757559741134655,0.6684787941557848,0.5016166495411757,1.5825202657863555
2020Q4,9,San Francisco,1373,103711.94565217392,4.349060458948849,4.075942997007077,0.6607324855350297,0.49616636128138786,1.8287358103507507
2021Q1,9,San Francisco,1388,101899.1888888889,4.402500008995821,4.1145745277440335,0.660845282052731,0.49336218247075825,2.1608250799476028
2021Q2,9,San Francisco,1391,106337.51648351648,4.252694168702306,3.9710523262338824,0.6323032240076536,0.4721693541836618,2.766698822494265
2021Q3,9,San Francisco,1381,109110.39130434785,4.145895285946942,3.8795183408187723,0.6032022923333721,0.45254046061846404,3.2348453599926086
2021Q4,9,San Francisco,1367,109069.03743498644,4.079381442811733,3.8183269638978588,0.5863785649557065,0.43992665320036933,4.14857344428021
2022Q1,9,San Francisco,1379,109459.6888888889,4.110350650650495,3.841347663046326,0.5877892642770975,0.4395604114838014,4.891493426554254
2022Q2,9,San Francisco,1381,111484.87912087912,4.0890809032989655,3.824636045848237,0.5623981017876177,0.4181005140991869,5.326416713839664
2022Q3,9,San Francisco,1371,110871.29347826088,4.084661568510842,3.82151697831377,0.5425180832965445,0.4007262818158032,5.127342059212682
2022Q4,9,San Francisco,1377,113511.49999999999,4.096354337015077,3.8382300165334775,0.542757828214686,0.4041368447824384,4.881110401239677
2023Q1,9,San Francisco,1391,117696.47777777778,4.065087808254058,3.8024120820003793,0.5393409686667674,0.3999896230256302,4.782526195151275
2023Q2,9,San Francisco,1381,115960.6153846154,4.132270351168872,3.890099385770994,0.5386034980046277,0.4066241067448439,4.580883380081395
2023Q3,9,San Francisco,1386,116057.48913043478,4.146665893374241,3.9096727296601186,0.5404494296258161,0.4103741005792767,3.9625828141714803
2023Q4,9,San Francisco,1378,116620.89130434782,4.151211568849716,3.912841523285872,0.5436534499281489,0.41427426680393814,3.715456619288508
2024Q1,9,San Francisco,1384,118654.00000000001,4.1753799022626845,3.934021945236655,0.549348106425238,0.41936214854641524,3.956399989366898
2024Q2,9,San Francisco,1387,119394.82417582416,4.186221741531859,3.9475494897389565,0.559021607044096,0.43026490094873204,3.687511105797283
2024Q3,9,San Francisco,1386,119738.1739130435,4.227035510087588,3.9925261966508074,0.5713290311324208,0.444847028552879,3.3629676152282655
2024Q4,9,San Francisco,1390,120422.88043478262,4.259603978913083,4.01893746448769,0.5865925576580002,0.46060016761584255,3.1910480954083
2025Q1,9,San Francisco,1390,121838.18888888888,4.266147764106437,4.020173008152799,0.5959312820820538,0.46571735900721484,3.181658073394611
2025Q2,9,San Francisco,1386,120929.17582417582,4.305353918445588,4.038755653454408,0.6052689336370256,0.4683724848483201,2.959420352943059
2025Q3,9,San Francisco,1384,121238.81521739133,4.31138926665669,4.050111292202568,0.6167697898802145,0.48056365486336655,2.578214419200475
2025Q4,9,San Francisco,1303,113907.75000000001,4.305752866569278,4.043632444561118,0.6326818402725389,0.49659336459623643,2.4606409900225867
2017Q1,10,Seattle,413,27132.144444444442,4.272060737305032,3.913525019319029,0.8644244403829329,0.6067452095566842,1.9286869759747596
2017Q2,10,Seattle,389,25186.45054945055,4.3345198556523705,4.010593197895083,0.8619935670976063,0.6104491818599482,3.904014843221596
2017Q3,10,Seattle,411,26320.717391304348,4.28842195724479,3.938028850640883,0.8542128947853109,0.6041486124750464,2.2077951342487
2017Q4,10,Seattle,401,25283.67391304348,4.32839738480494,3.9588135194647864,0.8744778465911585,0.6116259418132857,2.3420007386567105
2018Q1,10,Seattle,410,26405.144444444446,4.370791819607544,3.9745158876868705,0.8904625150907041,0.6106090101129285,2.9535714876836376
2018Q2,10,Seattle,412,26129.197802197803,4.346121903962431,3.9800649015017093,0.8687303664756324,0.6119828855513832,2.7975414234127918
2018Q3,10,Seattle,399,25858.717391304348,4.393671249540773,4.032425609562329,0.8754797263726555,0.6267574554371961,3.1157814713680247
2018Q4,10,Seattle,420,26973.41304347826,4.320355305586742,3.956648934498303,0.866955298977979,0.6144263433316383,3.228741575196366
2019Q1,10,Seattle,420,27285.466666666667,4.3199445044411116,3.9518611698861257,0.8756083743401045,0.6169724949220015,3.2736684110504184
2019Q2,10,Seattle,420,26946.18681318681,4.331354363988789,3.9669134167691973,0.880270221112245,0.625167890582084,3.4325735312014474
2019Q3,10,Seattle,415,26654.717391304344,4.307603348620074,3.988636965314076,0.8553580164046338,0.614609796618104,3.481156288187135
2019Q4,10,Seattle,412,26692.532608695652,4.2958095754674925,3.9834555422396667,0.8766404135988203,0.6294306622964492,3.3964220833661756
2020Q1,10,Seattle,374,23519.516483516483,4.36613373695729,4.0357503378069,0.8951462988885546,0.6360332172112382,3.1704362819422975
2020Q2,10,Seattle,401,23216.934065934067,4.559024045067521,4.204804412845682,0.9305677458808247,0.6590739896655575,3.21729639697751
2020Q3,10,Seattle,410,23588.684782608696,4.53734374762402,4.19230041208962,0.9394796233824343,0.6741074179357368,3.257149312698055
2020Q4,10,Seattle,403,22666.543478260868,4.586441000478584,4.221281682157483,0.9557495628972409,0.683239365431334,4.292807121291794
2021Q1,10,Seattle,409,22160.344444444447,4.637011809383228,4.265587107300277,0.9573536763116902,0.6727430730870109,5.01811752537664
2021Q2,10,Seattle,409,23036.98901098901,4.401046654067086,4.050120804287038,0.8914525946328077,0.6229211931504328,5.543707882471112
2021Q3,10,Seattle,404,22444.130434782608,4.296279219898687,3.9616032273374464,0.8639600747750452,0.607486919210019,6.41643228060558
2021Q4,10,Seattle,404,22250.960674174694,4.315393223167857,3.9830805806742746,0.8509910163770324,0.6005148587429234,7.2472046795815785
2022Q1,10,Seattle,409,22202.288888888892,4.377751503098279,4.026577099658393,0.8528809141800195,0.588967248622014,9.04574658921055
2022Q2,10,Seattle,412,22799.131868131873,4.364989070819642,4.025535997370249,0.8357428878388948,0.5795822860037568,9.715545975731198
2022Q3,10,Seattle,411,22824.358695652172,4.298567086746093,3.967443944565327,0.8032590943790506,0.5557148136454141,10.49245164141822
2022Q4,10,Seattle,407,23043.652173913044,4.347030413921407,4.016508012203683,0.8096031397876242,0.5650943483445408,10.98878755819493
2023Q1,10,Seattle,409,23690.711111111108,4.329173248399279,3.9839286330695,0.8082116713348503,0.5541755606041561,10.620002485562184
2023Q2,10,Seattle,399,23367.54945054945,4.335743180996282,3.9995651666841447,0.8014041638470181,0.5537176426217066,9.670089966471116
2023Q3,10,Seattle,409,24151.913043478264,4.281994499490544,3.962232530864419,0.7829621202029183,0.5470741223127522,9.780456617501516
2023Q4,10,Seattle,410,24446.184782608696,4.3881744950865915,4.057891353189725,0.7908277187380086,0.5517564401664882,10.231366361773048
2024Q1,10,Seattle,411,24858.021978021978,4.427625013262132,4.077862383293251,0.802208666360164,0.5555117369854293,8.748179306676674
2024Q2,10,Seattle,402,24647.10989010989,4.481781431699412,4.1318323972629925,0.8025853866021784,0.555229233572623,8.138791939197606
2024Q3,10,Seattle,409,24987.891304347824,4.47401922061381,4.1472463836832265,0.7906440510751728,0.5567651070996995,7.506726409832232
2024Q4,10,Seattle,407,25237.04347826087,4.469926453866985,4.153394785443068,0.8017300138512743,0.5762284133744048,7.426859919692136
2025Q1,10,Seattle,413,25907.11111111111,4.479349569401796,4.158043690278087,0.8120110394400506,0.5840156070405381,7.038645219959104
2025Q2,10,Seattle,412,25890.78021978022,4.501739954950233,4.179999868424458,0.8184788381964645,0.5913646548200576,6.378333856858151
2025Q3,10,Seattle,405,25925.902173913044,4.437127469883861,4.127980595199615,0.8037755509744953,0.5882988517023642,6.073414857460296
2025Q4,10,Seattle,402,25961.5,4.413414847571112,4.105642238632624,0.8116373325383993,0.5970459895045256,5.4049915873402545
