Provider Number,Facility Name,Address,City,State,Zip,Phone Number,Months as an SFF Candidate
015420,CUMBERLAND HEALTH AND REHAB,47065 AL HIGHWAY 277,BRIDGEPORT,AL,35740,256-437-7260,4
015136,FALKVILLE REHABILITATION AND HEALTHCARE CENTER,10 WEST 3RD STREET,FALKVILLE,AL,35622,256-784-5291,8
015133,MAGNOLIA RIDGE,420 DEAN DRIVE,GARDENDALE,AL,35071,205-631-8709,10
015019,MERRY WOOD LODGE,280 MT HEBRON ROAD,ELMORE,AL,36025,334-567-8484,18
015408,"WALKER REHABILITATION CENTER, INC",350 NORTHEAST 4TH STREET,CARBON HILL,AL,35549,205-924-4404,16
045143,"CONCORDIA NURSING & REHAB, LLC",7 PROFESSIONAL DRIVE,BELLA VISTA,AR,72714,479-855-3735,10
045341,MEADOWVIEW HEALTHCARE AND REHAB,825 NORTH GASKILL,HUNTSVILLE,AR,72740,479-738-2021,17
04E262,"MURFREESBORO REHAB AND NURSING, INC",110 W 13TH STREET,MURFREESBORO,AR,71958,870-285-2186,2
045379,PINE BLUFF TRANSITIONAL CARE,6810 SOUTH HAZEL STREET,PINE BLUFF,AR,71603,870-541-0342,30
045456,PINK BUD HOME FOR THE GOLDEN YEARS,400 SO COKER,GREENWOOD,AR,72936,479-996-4125,11
035242,DR GUY GORMAN SR CARE HOME,HIGHWAY 191 & HOSPITAL ROAD,CHINLE,AZ,86503,928-674-5216,139
035094,HAVEN OF SEDONA,505 JACKS CANYON ROAD,SEDONA,AZ,86351,480-935-4300,3
035255,PALM VALLEY POST ACUTE,13575 WEST MCDOWELL ROAD,GOODYEAR,AZ,85395,623-536-9911,3
035245,SUNVIEW RESPIRATORY AND REHABILITATION,12207 NORTH 113TH AVENUE,YOUNGTOWN,AZ,85363,623-977-6532,2
035254,WINSLOW CAMPUS OF CARE,826 WEST DESMOND STREET,WINSLOW,AZ,86047,928-289-4678,1
555456,ANTELOPE VALLEY CARE CENTER,44567 NORTH 15TH ST. WEST,LANCASTER,CA,93534,661-949-5524,17
555579,ARARAT NURSING FACILITY,15099 MISSION HILLS ROAD,MISSION HILLS,CA,91345,818-837-1800,17
056084,ASTORIA HEALTHCARE CENTER,14040 ASTORIA STREET,SYLMAR,CA,91342,818-367-5881,7
056023,AVALON VILLA CARE CENTER,12029 AVALON BLVD,LOS ANGELES,CA,90061,323-756-8191,8
055559,BAY CREST CARE CENTER,3750 GARNET STREET,TORRANCE,CA,90503,310-371-2431,10
056283,BIXBY TOWERS POST-ACUTE REHAB,3747 ATLANTIC AVENUE,LONG BEACH,CA,90807,562-426-6123,1
056129,BURBANK HEALTHCARE & REHAB,1041 S. MAIN ST.,BURBANK,CA,91506,818-843-2330,4
055461,CALIFORNIA POST ACUTE,909 S LAKE STREET,LOS ANGELES,CA,90006,213-385-7301,28
055052,CALIFORNIA POST-ACUTE CARE,3615 E. IMPERIAL HIWY,LYNWOOD,CA,90262,310-639-4623,7
056296,CRESCENT CITY CARE CENTER,1280 MARSHALL STREET,CRESCENT CITY,CA,95531,707-464-6151,11
555731,DEPT OF STATE HOSPITALS - METROPOLITAN SNF,11401 SOUTH BLOOMFIELD AVENUE,NORWALK,CA,90650,562-863-7011,4
055932,"FOUR SEASONS HEALTHCARE & WELLNESS CENTER, LP",5335 LAUREL CANYON BLVD.,NORTH HOLLYWOOD,CA,91607,818-985-1814,10
055862,GOLDEN ROSE CARE CENTER,1899 N RAYMOND AVE,PASADENA,CA,91103,626-797-2120,1
056111,GRIFFITH PARK HEALTHCARE CENTER,201 ALLEN AVE.,GLENDALE,CA,91201,818-845-8507,1
056435,HYDE PARK HEALTHCARE CENTER,6520 WEST BLVD.,LOS ANGELES,CA,90043,323-753-1354,1
056431,INLAND VALLEY CARE AND REHABILITATION CENTER,250 W. ARTESIA STREET,POMONA,CA,91768,909-623-7100,49
555099,LAKEWOOD HEALTHCARE CENTER,12023 LAKEWOOD BLVD.,DOWNEY,CA,90242,562-869-0978,7
555583,MACLAY HEALTHCARE CENTER,12831 MACLAY STREET,SYLMAR,CA,91342,818-361-4455,28
555115,MAJESTIC MOUNTAIN CARE CENTER,40131 HIGHWAY 49,OAKHURST,CA,93644,559-683-2244,9
555854,MESA GLEN CARE CENTER,638 E COLORADO AVENUE,GLENDORA,CA,91740,626-963-6091,12
056039,MIRAGE POST ACUTE,44445 15TH ST W,LANCASTER,CA,93534,661-948-7501,18
055192,PROVIDENCE ST ELIZABETH CARE CENTER,10425 MAGNOLIA BLVD,NORTH HOLLYWOOD,CA,91601,818-980-3872,5
055293,SANTA ANITA CONVALESCENT HOSPITAL,5522 GRACEWOOD AVE.,TEMPLE CITY,CA,91780,626-579-0310,80
555808,SANTA MONICA REHABILITATION CENTER,1338 20TH STREET,SANTA MONICA,CA,90404,310-255-2800,25
055489,SHASTA VIEW CARE CENTER,1795 WALNUT STREET,RED BLUFF,CA,96080,530-527-2046,5
056159,SHERMAN VILLAGE HCC,12750 RIVERSIDE DRIVE,NORTH HOLLYWOOD,CA,91607,818-766-6105,4
555117,SKYLINE HEALTHCARE CENTER - LA,3032 ROWENA AVE,LOS ANGELES,CA,90039,323-665-1185,11
555686,STUDIO CITY REHABILITATION CENTER,11429 VENTURA BLVD,STUDIO CITY,CA,91604,818-766-9551,2
056488,SUNNYSIDE NURSING CENTER,22617 S. VERMONT AVE,TORRANCE,CA,90502,310-320-4130,11
555781,VILLA DEL RIO,7002 GAGE AVENUE,BELL GARDENS,CA,90201,562-927-6586,10
056066,WOODLAND CARE CENTER,7120 CORBIN AVE.,RESEDA,CA,91335,818-881-4540,11
065429,"ACCEL AT LONGMONT HEALTH AND REHAB, LLC",1960 S FORDHAM ST,LONGMONT,CO,80503,720-494-2624,3
065221,CREEKSIDE VILLAGE REHABILITATION AND NURSING LLC,1000 E STUART ST,FORT COLLINS,CO,80525,970-482-5712,5
065318,IRONDALE POST ACUTE,7150 POPLAR ST,COMMERCE CITY,CO,80022,303-289-7110,8
065188,THE LODGE AT RED ROCKS,150 SPRING ST,MORRISON,CO,80465,720-983-4600,14
065274,WESTWOOD POST ACUTE,3185 W ARKANSAS AVE,DENVER,CO,80219,303-922-1169,4
075228,ARDEN CARE CENTER,850 MIX AVE,HAMDEN,CT,06514,203-281-3500,6
075358,BICKFORD HEALTH CARE CENTER,14 MAIN STREET,WINDSOR LOCKS,CT,06096,860-623-4351,5
075232,COBALT LODGE HEALTH CARE AND REHABILITATION CENTER,29 MIDDLE HADDAM RD,COBALT,CT,06414,860-267-9034,2
075158,NEW LONDON SUB-ACUTE AND NURSING,90 CLARK LANE,WATERFORD,CT,06385,860-442-0471,10
075236,NOBLE HORIZONS,17 COBBLE RD,SALISBURY,CT,06068,860-435-9851,1
085050,CADIA REHABILITATION BROADMEADOW,500 SOUTH BROAD STREET,MIDDLETOWN,DE,19709,302-449-3400,3
085035,DELAWARE HOSPITAL F/T CHRONICALLY ILL (DHCI),100 SUNNYSIDE ROAD,SMYRNA,DE,19977,302-223-1500,5
085021,ENCORE AT PARKSIDE,255 POSSUM PARK ROAD,NEWARK,DE,19711,302-366-0160,2
085039,NEW CASTLE HEALTH AND REHABILITATION CENTER,32 BUENA VISTA DRIVE,NEW CASTLE,DE,19720,302-328-2580,5
085033,PIKE CREEK NURSING & REHABILITATION CENTER,5651 LIMESTONE ROAD,WILMINGTON,DE,19808,302-239-8583,24
105886,ANSLEY COVE HEALTHCARE AND REHABILITATION,1301 W MAITLAND BLVD,MAITLAND,FL,32751,407-645-3990,2
105416,AVIATA AT BENEVA,741 SOUTH BENEVA ROAD,SARASOTA,FL,34232,941-957-0310,4
105631,AVIATA AT BIG BEND,207 MARSHALL DR,PERRY,FL,32347,850-584-6334,9
105460,AVIATA AT NORTH FLORIDA,6700 NW 10TH PLACE,GAINESVILLE,FL,32605,352-331-3111,11
105588,AVIATA AT SANTA BARBARA,216 SANTA BARBARA BLVD,CAPE CORAL,FL,33991,239-772-4600,8
105327,CASA MORA REHABILITATION AND EXTENDED CARE,1902 59TH ST W,BRADENTON,FL,34209,941-761-1000,9
105274,CLEARWATER CENTER,1270 TURNER ST,CLEARWATER,FL,33756,727-443-7639,23
105714,CONCORDIA MANOR,321 13TH AVE N,SAINT PETERSBURG,FL,33701,727-822-3030,5
105320,DADE CITY HEALTH AND REHABILITATION CENTER,37135 COLEMAN AVE,DADE CITY,FL,33525,352-567-8615,7
105765,GARDENS NURSING AND REHAB CENTER,190 NE 191ST STREET,MIAMI,FL,33161,305-651-9690,2
105428,LAKE MARIAM HEALTH AND REHABILITATION CENTER,1801 N LAKE MARIAM DR,WINTER HAVEN,FL,33884,863-293-1989,23
105522,LEHIGH ACRES HEALTHCARE & REHAB CENTER,1550 LEE BOULEVARD,LEHIGH ACRES,FL,33936,239-369-2194,4
105439,NAPLES HEALTH AND REHABILITATION CENTER,2900 12TH STREET N,NAPLES,FL,34103,239-261-2554,3
105435,SHORES NURSING AND REHAB CENTER,220 NINTH STREET,PORT SAINT JOE,FL,32456,850-229-8244,25
105287,WESTSIDE OAKS REHABILITATION & NURSING CENTER,2061 HYDE PARK RD,JACKSONVILLE,FL,32210,904-786-7331,3
115266,ARCHBOLD LIVING CAMILLA,37 SOUTH ELLIS STREET,CAMILLA,GA,31730,229-336-8377,3
115525,CRESTVIEW HEALTH & REHAB CTR,2800 SPRINGDALE ROAD,ATLANTA,GA,30315,404-616-8100,2
115630,FOLKSTON PARK CARE AND REHABILITATION CENTER,36261 NORTH OKEFENOKEE DRIVE,FOLKSTON,GA,31537,912-266-8810,4
115501,HARBORVIEW THOMASVILLE,930 SOUTH BROAD ST.,THOMASVILLE,GA,31792,229-226-9322,1
115626,HAZELHURST COURT CARE AND REHABILITATION CENTER,180 BURKETT FERRY ROAD,HAZLEHURST,GA,31539,912-375-3677,3
115685,HEARDMONT HEALTH AND REHABILITATION,1043 LONGSTREET ROAD,ELBERTON,GA,30635,706-283-5429,6
115129,NURSE CARE OF BUCKHEAD,2920 PHARR COURT SOUTH NW,ATLANTA,GA,30305,404-261-9043,10
115607,PINEWOOD HEALTH AND REHABILITATION,433 NORTH MCGRIFF STREET,WHIGHAM,GA,39897,229-307-2004,7
115730,"ROSEWOOD AT TYBEE ISLAND OF JOURNEY LLC, THE",7 ROSEWOOD AVENUE,TYBEE ISLAND,GA,31328,912-786-4511,10
115721,SENIOR CARE CENTER - BRUNSWICK,2611 WILDWOOD DRIVE,BRUNSWICK,GA,31520,912-265-8528,1
125048,ANN PEARL NURSING FACILITY,45-181 WAIKALUA ROAD,KANEOHE,HI,96744,808-247-8558,2
125050,HALE MALAMALAMA,6163 SUMMER STREET,HONOLULU,HI,96821,808-396-0537,28
125067,ISLANDS SKILLED NURSING & REHABILITATION,1205 ALEXANDER STREET,HONOLULU,HI,96826,808-773-8700,1
125021,KAUAI VETERANS MEMORIAL HOSPITAL,4643 WAIMEA CANYON DRIVE,WAIMEA,HI,96796,808-338-9431,11
125026,"KUAKINI GERIATRIC CARE, INC",347 NORTH KUAKINI STREET,HONOLULU,HI,96817,808-547-9357,17
165555,ADEL ACRES,1919 GREENE STREET,ADEL,IA,50003,515-993-4511,1
165202,AZRIA HEALTH PARK PLACE,2401 EAST EIGHTH STREET,DES MOINES,IA,50316,515-262-9303,9
165448,BISHOP DRUMM RETIREMENT CENTER,5837 WINWOOD DRIVE,JOHNSTON,IA,50131,515-270-1100,10
165217,CARING ACRES NURSING AND REHAB CENTER,1000 HILLCREST DRIVE,ANITA,IA,50020,712-762-3219,8
165466,CHAPTERS LIVING OF COUNCIL BLUFFS,3000 RISEN SON BLVD,COUNCIL BLUFFS,IA,51503,712-366-9655,5
165175,GREATER SOUTHSIDE HEALTH AND REHABILITATION,5608 SW 9TH STREET,DES MOINES,IA,50315,515-285-3070,46
165152,HARMONY HOUSE HEALTH CARE CENTER,2950 WEST SHAULIS ROAD,WATERLOO,IA,50701,319-234-4495,2
165436,IVY AT DAVENPORT,800 EAST RUSHOLME STREET,DAVENPORT,IA,52803,563-322-1668,11
165338,NORTHGATE CARE CENTER,960 4TH STREET NW,WAUKON,IA,52172,563-568-3493,4
165580,ROYAL OAKS NURSING AND REHABILITATION CENTER,4614 NW 84TH STREET,URBANDALE,IA,50322,515-270-6838,3
135089,CASCADES AT DESERT VIEW,820 SPRAGUE AVENUE,BUHL,ID,83316,208-543-6401,2
135144,CASCADIA OF NAMPA,900 N HAPPY VALLEY RD,NAMPA,ID,83687,208-401-9639,2
135095,CHERRY RIDGE OF CASCADIA,501 WEST IDAHO BOULEVARD,EMMETT,ID,83617,208-664-8128,1
135110,KARCHER POST ACUTE,1127 CALDWELL BLVD,NAMPA,ID,83651,208-465-4935,5
135098,TIMBER SPRINGS TRANSITIONAL CARE,1140 NORTH ALLUMBAUGH STREET,BOISE,ID,83704,208-501-7200,30
145774,ARCADIA CARE HAVANA,609 NORTH HARPHAM STREET,HAVANA,IL,62644,309-543-6121,20
145442,ARCADIA CARE TOULON,700 E MAIN ST,TOULON,IL,61483,309-286-2631,2
146043,AXIOM GARDENS OF NASHVILLE,485 SOUTH FRIENDSHIP DRIVE,NASHVILLE,IL,62263,618-327-3041,10
145664,AXIOM HEALTHCARE OF WEST FRANKFORT,601 NORTH COLUMBIA,WEST FRANKFORT,IL,62896,618-932-2109,1
145419,BRIA OF ELMWOOD PARK,7733 WEST GRAND AVENUE,ELMWOOD PARK,IL,60707,708-452-9200,7
145655,BRIA OF WOODRIVER,393 EDWARDSVILLE ROAD,WOOD RIVER,IL,62095,618-259-4111,9
145434,CLARIDGE HEALTHCARE CENTER,700 JENKISSON,LAKE BLUFF,IL,60044,847-295-3900,19
145422,FAIR HAVENS SENIOR LIVING,1790 SOUTH FAIRVIEW AVENUE,DECATUR,IL,62521,217-429-2551,4
145266,FONDULAC REHABILITATION AND HEALTH CARE CENTER,901 ILLINI DRIVE,EAST PEORIA,IL,61611,309-694-6446,1
146076,GOLDWATER CARE CLINTON,1 PARK LANE WEST,CLINTON,IL,61727,217-935-8500,3
145183,GOLDWATER CARE DANVILLE,620 WARRINGTON AVENUE,DANVILLE,IL,61832,217-446-0660,10
145239,GOLDWATER CARE PEORIA HEIGHTS,5533 NORTH GALENA ROAD,PEORIA HEIGHTS,IL,61614,309-682-5428,5
145757,INTEGRITY HC OF CARBONDALE,120 NORTH TOWER ROAD,CARBONDALE,IL,62901,618-549-3355,10
145863,INTEGRITY HC OF MARION,1301 EAST DEYOUNG,MARION,IL,62959,618-997-1365,1
145581,LA BELLA OF CAHOKIA,2 ANNABLE COURT,CAHOKIA,IL,62206,618-332-0114,10
145753,LA BELLA OF DANVILLE,1701 NORTH BOWMAN,DANVILLE,IL,61832,217-443-2955,2
145752,LANDMARK OF ITASCA REHABILITATION AND NURSING CENT,535 SOUTH ELM,ITASCA,IL,60143,630-773-9416,8
145764,MORGAN PARK HEALTHCARE,10935 SOUTH HALSTED STREET,CHICAGO,IL,60628,773-928-2000,4
145290,NEXUS PAVILION AT BELLEVILLE,727 NORTH 17TH STREET,BELLEVILLE,IL,62226,618-234-3323,14
145275,TIMBERCREEK REHAB AND HEALTH CARE CENTER,2220 STATE STREET,PEKIN,IL,61554,309-347-1110,4
155820,APERION CARE LINCOLN,1236 LINCOLN AVE,EVANSVILLE,IN,47714,812-464-3607,4
155206,BROWNSBURG HEALTH CARE CENTER,1010 HORNADAY RD,BROWNSBURG,IN,46112,317-852-3123,6
155400,CARDINAL CARE STRATEGIES,4600 E JACKSON ST,MUNCIE,IN,47303,765-282-1416,7
155245,CASTLETON HEALTH CARE CENTER,7630 E 86TH ST,INDIANAPOLIS,IN,46256,317-845-0032,5
155218,GREAT LAKES HEALTHCARE CENTER,2300 GREAT LAKES DR,DYER,IN,46311,219-322-3555,2
155708,HILLSIDE MANOR NURSING HOME,1109 E NATIONAL HIGHWAY,WASHINGTON,IN,47501,812-254-7159,9
155358,MAJESTIC CARE OF DEMING PARK,3300 POPLAR ST,TERRE HAUTE,IN,47803,812-235-6281,8
155354,NEWBURGH HEALTH AND REHAB,10466 POLLACK AVE,NEWBURGH,IN,47630,812-853-2931,1
155215,PLAINFIELD HEALTH CARE CENTER,3700 CLARKS CREEK RD,PLAINFIELD,IN,46168,317-839-6577,6
155505,ROBIN RUN HEALTH CENTER,6370 ROBIN RUN W,INDIANAPOLIS,IN,46268,317-293-5500,3
155484,SOUTHWOOD HEALTHCARE CENTER,2222 MARGARET AVE,TERRE HAUTE,IN,47802,812-232-2223,8
155801,TRANSCENDENT HEALTHCARE OF BOONVILLE - NORTH,305 E NORTH ST,BOONVILLE,IN,47601,812-897-2810,5
155223,"WATERS OF COVINGTON, THE",1600 E LIBERTY ST,COVINGTON,IN,47932,765-793-4818,7
155494,"WATERS OF SCOTTSBURG, THE",1350 N TODD DR,SCOTTSBURG,IN,47170,812-752-5663,4
155556,"WATERS OF TIPTON SKILLED NURSING FACILITY, THE",300 FAIRGROUNDS RD,TIPTON,IN,46072,765-675-8791,2
175454,CLEARWATER NURSING & REHABILITATION CENTER,620 E WOOD STREET,CLEARWATER,KS,67026,620-584-2271,21
175435,HOLTON HEALTH CARE CENTER,1121 W 7TH STREET,HOLTON,KS,66436,785-328-4636,20
17E531,KEARNY COUNTY HOSPITAL LTCU,607 COURT PL,LAKIN,KS,67860,620-355-7836,8
175157,LIFE CARE CENTER OF ANDOVER,621 W 21ST,ANDOVER,KS,67002,316-733-1349,2
175323,NORTONVILLE HEALTH CARE CENTER,412 E WALNUT ST,NORTONVILLE,KS,66060,913-886-6400,8
175418,PROVIDENCE LIVING CENTER,1112 SE REPUBLICAN AVENUE,TOPEKA,KS,66607,785-233-0588,1
175397,ROSSVILLE HEALTHCARE AND REHABILITATION CENTER,600 E. PERRY ST,ROSSVILLE,KS,66533,785-584-6104,10
175185,SMOKY HILL REHABILITATION CENTER,1007 JOHNSTOWN AVENUE,SALINA,KS,67401,785-823-7107,2
175463,TANGLEWOOD NURSING & REHABILITATION,5015 SW 28TH STREET,TOPEKA,KS,66614,785-273-0886,17
175570,THE SHEPHERD'S CENTER,101 CEDAR RIDGE DRIVE,CIMARRON,KS,67835,620-855-3498,3
185283,BOURBON HEIGHTS NURSING HOME,2000 SOUTH MAIN STREET,PARIS,KY,40361,859-987-5750,5
185176,CLIFTON HEIGHTS,446 MT. HOLLY AVENUE,LOUISVILLE,KY,40206,502-897-1646,2
185221,SALYERSVILLE NURSING AND REHABILITATION CENTER,662 PARKWAY DRIVE,SALYERSVILLE,KY,41465,606-349-6181,8
185309,SPRING VIEW NURSING & REHABILITATION,718 GOODWIN LANE,LEITCHFIELD,KY,42754,270-259-4036,1
185244,STANFORD CROSSING,105 HARMON HEIGHTS,STANFORD,KY,40484,606-365-2141,1
195604,COLONIAL OAKS SKILLED NURSING AND REHABILITATION,4921 MEDICAL DRIVE,BOSSIER CITY,LA,71112,318-742-5420,2
195177,LAKESHORE MANOR NURSING & REHAB,1400 LINDBERG DRIVE,SLIDELL,LA,70458,985-641-4985,4
195645,LULING LIVING CENTER,1125 PAUL MAILLARD RD,LULING,LA,70070,985-240-0197,1
195575,OAK HAVEN REHABILITATION AND HEALTHCARE CENTER,1515 HIGHWAY 107,CENTER POINT,LA,71323,318-253-4601,1
195297,PONTCHARTRAIN HEALTH CARE CENTER,1401 HIGHWAY 190,MANDEVILLE,LA,70448,985-626-8581,2
225548,BLAIRE HOUSE OF TEWKSBURY,10 ERLIN TERRACE,TEWKSBURY,MA,01876,978-851-3121,4
225264,BRANDON WOODS OF NEW BEDFORD,397 COUNTY STREET,NEW BEDFORD,MA,02740,508-997-9396,15
225697,HADLEY POINTE NURSING REHAB & CARE,20 NORTH MAPLE STREET,HADLEY,MA,01035,413-584-5057,5
225229,MAPLEWOOD CENTER,6 MORRILL PLACE,AMESBURY,MA,01913,978-388-3500,8
225329,MELROSE HEALTHCARE,40 MARTIN STREET,MELROSE,MA,02176,781-665-7050,2
225318,MILL TOWN HEALTH AND REHABILITATION,22 MAPLE STREET,AMESBURY,MA,01913,978-388-4682,1
225343,NORWOOD HEALTHCARE,460 WASHINGTON STREET,NORWOOD,MA,02062,787-444-8383,7
225284,PLYMOUTH HARBORSIDE HEALTHCARE,19 OBERY STREET,PLYMOUTH,MA,02360,508-747-4790,6
225545,REGALCARE AT COURTYARD-MEDFORD,200 GOVERNORS AVENUE,MEDFORD,MA,02155,781-391-5400,6
225147,SAUGUS CENTER,266 LINCOLN AVENUE,SAUGUS,MA,01906,781-233-6830,8
215067,BAY HARBOR POST ACUTE HEALTHCARE CENTER,200 CIVIC AVENUE,SALISBURY,MD,21804,410-749-1466,4
215113,CREEKSIDE CENTER FOR REHABILITATION AND NURSING,1183 LUTHER DRIVE,HAGERSTOWN,MD,21740,301-790-1000,2
215269,ELKTON NURSING AND REHABILITATION CENTER,1 PRICE DRIVE,ELKTON,MD,21921,410-398-6474,8
215179,MANOKIN NURSING AND REHAB,11974 EDGEHILL TERRACE,PRINCESS ANNE,MD,21853,410-651-0011,7
215010,PINES NURSING AND REHAB,610 DUTCHMAN'S LANE,EASTON,MD,21601,410-822-4000,36
205063,CLOVER HEALTH CARE,440 MINOT AVE,AUBURN,ME,04210,207-784-3573,10
205114,HIGH VIEW REHABILITATION AND LIVING CENTER,517 RIVERVIEW ST,MADAWASKA,ME,04756,207-728-3338,11
205091,OAK GROVE CENTER,27 COOL ST,WATERVILLE,ME,04901,207-873-0721,18
205065,RIVER RIDGE CENTER,3 BRAZIER LANE,KENNEBUNK,ME,04043,207-985-3030,4
205120,WATERVILLE CENTER FOR HEALTH AND REHAB,7 HIGHWOOD ST,WATERVILLE,ME,04901,207-873-0705,17
235311,ALAMO COVE REHAB AND NURSING CENTER,8290 W C AVE,KALAMAZOO,MI,49009,269-343-2587,1
235144,BAYSIDE VILLAGE,832 SICOTTE STREET,L' ANSE,MI,49946,906-524-6531,7
235264,ELY MANOR,1200 ELY ST,ALLEGAN,MI,49010,269-673-1500,10
235293,MEDILODGE OF FARMINGTON,34225 GRAND RIVER AVE,FARMINGTON,MI,48335,248-477-7373,13
235292,MEDILODGE OF SAULT STE. MARIE,1011 MERIDIAN ROAD,SAULT STE. MARIE,MI,49783,906-635-1518,3
235296,MEDILODGE OF SOUTHFIELD,26715 GREENFIELD RD,SOUTHFIELD,MI,48076,248-557-0050,29
235458,OPTALIS HEALTH AND REHABILITATION OF GRAND RAPIDS,1950 32ND STREET SE,GRAND RAPIDS,MI,49508,616-452-5900,11
235536,PINNACLE CARE OF BATTLE CREEK,675 WAGNER DRIVE,BATTLE CREEK,MI,49017,269-969-6244,22
235354,THE ORCHARDS AT THREE RIVERS,55378 WILBUR RD,THREE RIVERS,MI,49093,269-279-7441,8
235363,VILLA AT BEECHER PLACE,G 3201 BEECHER RD,FLINT,MI,48532,313-544-0185,1
24E185,BYWOOD EAST HEALTH CARE,3427 CENTRAL AVENUE NORTHEAST,MINNEAPOLIS,MN,55418,612-788-9757,23
245273,FRANKLIN RESTORATIVE CARE CENTER,900 3RD STREET SOUTH,FRANKLIN,MN,55333,507-557-2211,1
245183,NORTH RIDGE HEALTH AND REHAB,5430 BOONE AVENUE NORTH,NEW HOPE,MN,55428,763-592-2600,13
245290,OLIVIA RESTORATIVE CARE CENTER,1003 WEST MAPLE AVENUE,OLIVIA,MN,56277,320-523-1652,10
24E507,SOUTHSIDE CARE CENTER,2644 ALDRICH AVENUE SOUTH,MINNEAPOLIS,MN,55408,612-872-4233,4
245596,THE SHORES OF WORTHINGTON,1307 SOUTH SHORE DRIVE,WORTHINGTON,MN,56187,507-376-3175,14
245429,TWEETEN LUTHERAN HEALTH CARE CENTER,125 5TH AVENUE SOUTHEAST,SPRING GROVE,MN,55974,507-498-3211,1
245378,VALLEY VIEW MANOR HCC,200 EAST NINTH AVENUE,LAMBERTON,MN,56152,507-752-7346,3
245203,VILLAS AT BRYN MAWR LLC,275 PENN AVENUE NORTH,MINNEAPOLIS,MN,55405,612-377-4723,1
245400,WABASSO RESTORATIVE CARE CENTER,660 MAPLE STREET,WABASSO,MN,56293,507-342-5166,2
265456,ABODE HEALTH AND WELLNESS CENTER,17451 MEDICAL CENTER PARKWAY,INDEPENDENCE,MO,64057,816-373-7795,7
265462,BELOVED HEALTH AND REHABILITATION CENTER,328 MUNGER LANE,HANNIBAL,MO,63401,573-577-2100,18
265108,BETH HAVEN NURSING HOME,2500 PLEASANT STREET,HANNIBAL,MO,63401,573-221-6000,10
265822,BRIDGEWOOD HEALTH CARE CENTER,11515 TROOST,KANSAS CITY,MO,64131,816-943-0101,17
265471,BUFFALO PRAIRIE CENTER FOR REHAB AND HEALTHCARE,631 WEST MAIN STREET,BUFFALO,MO,65622,417-932-8040,5
265460,CASSVILLE HEALTH CARE CENTER,1300 COUNTY FARM ROAD,CASSVILLE,MO,65625,417-847-3386,9
265526,CHARITON PARK HEALTH CARE CENTER,902 MANOR DRIVE,SALISBURY,MO,65281,660-388-6486,1
265766,ELLISVILLE REHABILITATION AND NURSING,322 OLD STATE ROAD,ELLISVILLE,MO,63021,636-227-3431,11
265349,GOLDEN YEARS CENTER FOR REHAB AND HEALTHCARE,2001 JEFFERSON PARKWAY,HARRISONVILLE,MO,64701,816-380-4731,8
265721,GREGORY RIDGE HEALTH CARE CENTER,7001 CLEVELAND AVENUE,KANSAS CITY,MO,64132,816-333-0700,11
265833,"GROVE AT KIRKWOOD, THE",711 SOUTH KIRKWOOD ROAD,KIRKWOOD,MO,63122,314-965-0864,1
265534,HERITAGE CARE CENTER,4401 NORTH HANLEY ROAD,SAINT LOUIS,MO,63134,314-521-7471,10
265330,NORTH VILLAGE PARK,2041 SILVA LANE,MOBERLY,MO,65270,660-269-7300,55
265463,PARKVIEW HEALTHCARE,128 NORTH HARDESTY,KANSAS CITY,MO,64123,816-241-2020,4
265589,ST PETERS REHAB AND HEALTHCARE CENTER,230 SPENCER ROAD,SAINT PETERS,MO,63376,636-441-2750,26
255343,BEDFORD CARE CENTER OF PICAYUNE,2797 COOPER ROAD,PICAYUNE,MS,39466,601-799-1616,6
255145,COURTYARD HEALTH AND REHABILITATION,501 SOUTH LOCUST STREET,MCCOMB,MS,39648,601-684-8111,3
255103,EDGEWOOD HEALTH & REHABILITATION,205 BYRAM PARKWAY,BYRAM,MS,39272,601-362-5394,4
255244,SUNPLEX SUB-ACUTE CENTER,6520 SUNSCOPE DRIVE,OCEAN SPRINGS,MS,39564,228-875-1177,9
255146,YAZOO CITY REHABILITATION AND HEALTHCARE CENTER,925 CALHOUN AVENUE,YAZOO CITY,MS,39194,662-746-7770,3
275159,BEARTOOTH REHABILITATION AND NURSING LLC,350 W PIKE AVE,COLUMBUS,MT,59019,406-290-5070,4
275080,COONEY HEALTHCARE AND REHABILITATION,2555 E BROADWAY,HELENA,MT,59601,406-447-1651,9
275025,KALISPELL REHABILITATION AND NURSING LLC,171 HERITAGE WAY,KALISPELL,MT,59901,406-755-0800,7
275044,MOUNT ASCENSION TRANSITIONAL CARE OF CASCADIA,2475 WINNE AVE,HELENA,MT,59601,406-442-1350,3
275020,SKYLINE HEIGHTS NURSING AND REHABILITATION,1807 24TH ST W,BILLINGS,MT,59102,406-656-5010,10
345477,BILTMORE HAVEN NURSING AND REHABILITATION,3864 SWEETEN CREEK ROAD,ARDEN,NC,28704,828-681-0904,7
345183,CABARRUS HEALTH AND REHABILITATION CENTER,430 BROOKWOOD AVENUE NE,CONCORD,NC,28025,704-788-4115,10
345131,CEDAR HILLS CENTER FOR NURSING AND REHABILITATION,3905 CLEMMONS ROAD,CLEMMONS,NC,27012,336-766-9158,1
345179,CRESTVIEW HEALTH & REHABILITATION,752 E CENTER AVENUE,MOORESVILLE,NC,28115,704-800-0570,5
345233,DEER PARK HEALTH AND REHABILITATION,306 DEER PARK ROAD,NEBO,NC,28761,828-652-3032,10
34A002,O'BERRY NEURO-MEDICAL TREATMENT CENTER,400 OLD SMITHFIELD ROAD,GOLDSBORO,NC,27533,919-581-4001,14
345201,PELICAN HEALTH AT CHARLOTTE,2616 EAST 5TH STREET,CHARLOTTE,NC,28204,704-333-5165,4
345185,PREMIER LIVING AND REHAB CENTER,106 CAMERON STREET,LAKE WACCAMAW,NC,28450,910-646-3132,20
345191,SURRY COMMUNITY HEALTH CENTER BY HARBORVIEW,542 ALLRED MILL ROAD,MOUNT AIRY,NC,27030,336-789-5076,1
345475,TSALI CARE CENTER,267 TSALI CARE WAY,CHEROKEE,NC,28719,828-497-5048,6
355081,ROLETTE COMMUNITY CARE CENTER,804 STATE STREET,ROLETTE,ND,58366,701-246-3786,17
355109,SOURIS VALLEY CARE CENTER,300 MAIN ST S,VELVA,ND,58790,701-338-2072,8
355060,ST VINCENT'S - A PROSPERA COMMUNITY,1021 N 26TH ST,BISMARCK,ND,58501,701-323-1999,4
355065,SUNSET DRIVE - A PROSPERA COMMUNITY,1011 BOUNDARY ST NW,MANDAN,ND,58554,701-323-1411,10
355087,WEDGEWOOD MANOR,804 MAIN ST W,CAVALIER,ND,58220,701-265-8453,3
285224,CASCADES AT SKYVIEW,505 O STREET,BRIDGEPORT,NE,69336,308-262-0725,8
285275,EMERALD NURSING & REHAB LANCASTER LLC,1001 SOUTH STREET,LINCOLN,NE,68502,402-441-7101,21
285239,EMERALD NURSING & REHAB LEGACY POINTE LLC,3110 SCOTT CIRCLE,OMAHA,NE,68112,402-455-6636,1
285097,EMERALD NURSING & REHAB OMAHA,5505 GROVER STREET,OMAHA,NE,68106,402-558-0225,1
285058,EMERALD NURSING & REHABILITATION MERCY,7410 MERCY ROAD,OMAHA,NE,68124,402-397-1220,4
305086,BEDFORD NURSING & REHABILITATION CENTER,480 DONALD STREET,BEDFORD,NH,03110,603-627-4147,7
305057,COURVILLE AT MANCHESTER,44 WEST WEBSTER STREET,MANCHESTER,NH,03104,603-647-5900,2
305077,LAFAYETTE CENTER,93 MAIN STREET,FRANCONIA,NH,03580,603-823-5502,6
305050,"LEBANON CENTER, GENESIS HEALTHCARE",24 OLD ETNA ROAD,LEBANON,NH,03766,603-448-2234,8
305075,"MOUNTAIN RIDGE CENTER, GENESIS HEALTHCARE",7 BALDWIN STREET,FRANKLIN,NH,03235,603-934-2541,1
315522,ACCELERATE SKILLED NURSING AND REHAB PISCATAWAY,10 STERLING DRIVE,PISCATAWAY,NJ,08854,732-917-2900,5
315387,ALLAIRE REHAB & NURSING,115 DUTCH LANE ROAD,FREEHOLD,NJ,07728,732-431-7420,8
315124,BELLE CARE NURSING AND REHABILITATION CENTER,439 BELLEVUE AVENUE,TRENTON,NJ,08618,609-396-2646,18
315378,HOMESTEAD REHABILITATION & HEALTH CARE CENTER,129 MORRIS TURNPIKE,NEWTON,NJ,07860,973-948-5400,2
315467,LITTLE BROOK NURSING AND CONVALESCENT HOME,78 SLIKER ROAD,CALIFON,NJ,07830,908-832-2220,29
315206,MANAHAWKIN HEALTH AND REHABILITATION CENTER,1211 RT 72 WEST,MANAHAWKIN,NJ,08050,609-597-8500,4
315166,MASONIC VILLAGE AT BURLINGTON,902 JACKSONVILLE ROAD,BURLINGTON,NJ,08016,609-239-3900,10
315297,THE FOUNTAINS OF ATCO,114 HAYES MILL ROAD,ATCO,NJ,08004,856-809-7206,4
315176,THE PINES AT MEDFORD,185 TUCKERTON ROAD,MEDFORD,NJ,08055,856-983-8500,12
315293,WHITING GARDENS REHABILITATION AND NURSING CENTER,3000 HILLTOP ROAD,WHITING,NJ,08759,732-849-4400,5
325039,"CALIBRE POST ACUTE, LLC",2029 SAGECREST AVE,LAS CRUCES,NM,88011,575-522-7000,4
325047,CASA DE ORO CENTER,1005 LUJAN HILL ROAD,LAS CRUCES,NM,88005,575-523-4573,23
325036,LAS PALOMAS CENTER,8100 PALOMAS AVENUE NE,ALBUQUERQUE,NM,87109,505-821-4200,11
325032,SANDIA RIDGE CENTER,2216 LESTER DRIVE NE,ALBUQUERQUE,NM,87112,505-296-4808,3
325044,SPRING RIVER REHABILITATION AND CARE CENTER,3200 MISSION ARCH DRIVE,ROSWELL,NM,88201,575-624-2583,2
295103,"CAREMERIDIAN LLC, DBA NEURORESTORATIVE",3980 LAKE PLACID DRIVE STE 2,RENO,NV,89511,702-499-9523,4
295085,HIGHLAND MANOR OF FALLON REHABILITATION LLC,550 NORTH SHERMAN STREET,FALLON,NV,89406,775-423-7800,16
295050,LIFE CARE CENTER OF RENO,445 W. HOLCOMB LANE,RENO,NV,89511,775-851-0123,10
295076,LIFE CARE CENTER OF SOUTH LAS VEGAS,2325 E. HARMON AVE.,LAS VEGAS,NV,89119,702-798-7990,2
295071,TLC CARE CENTER,1500 W WARM SPRINGS RD,HENDERSON,NV,89014,702-547-6700,1
335839,AFFINITY SKILLED LIVING AND REHABILITATION CENTER,305 LOCUST AVENUE,OAKDALE,NY,11769,631-218-5900,1
335338,BISHOP REHABILITATION AND NURSING CENTER,918 JAMES STREET,SYRACUSE,NY,13203,315-474-1561,1
335657,CAMPBELL HALL REHABILITATION CENTER INC,23 KIERNAN RD,CAMPBELL HALL,NY,10916,845-294-8154,7
335760,EDDY HERITAGE HOUSE NURSING AND REHABILITATION CTR,2920 TIBBITS AVENUE,TROY,NY,12180,518-274-4125,1
335164,HUMBOLDT HOUSE REHABILITATION AND NURSING CENTER,64 HAGER STREET,BUFFALO,NY,14208,716-886-4377,21
335389,LIVINGSTON HILLS NURSING AND REHABILITATION CENTER,2781 ROUTE 9,LIVINGSTON,NY,12541,518-851-3041,39
335548,ONONDAGA CENTER FOR REHABILITATION AND NURSING,217 EAST AVENUE,MINOA,NY,13116,315-656-7277,7
335693,ROSEWOOD REHABILITATION AND NURSING CENTER,284 TROY ROAD,RENSSELAER,NY,12144,518-286-1621,5
335587,"SUNSET NURSING AND REHABILITATION CENTER, INC",232 ACADEMY STREET,BOONVILLE,NY,13309,315-942-4301,6
335323,THE ELEANOR NURSING CARE CENTER,419 NORTH QUAKER LANE,HYDE PARK,NY,12538,845-229-9177,17
335540,THE GRAND REHABILITATION AND NRSG AT GUILDERLAND,428 STATE ROUTE 146,ALTAMONT,NY,12009,518-861-5141,13
335565,THE GRAND REHABILITATION AND NURSING AT BARNWELL,3230 CHURCH STREET,VALATIE,NY,12184,518-758-6222,10
335600,THE GRAND REHABILITATION AND NURSING AT UTICA,1657 SUNSET AVE,UTICA,NY,13502,315-797-7392,47
335311,TOLSTOY FOUNDATION REHABILITATION AND NRSG CENTER,100 LAKE ROAD,VALLEY COTTAGE,NY,10989,845-268-6813,9
335377,TROY VICTORIAN REHABILITATION & NURSING CARE CNTR,100 NEW TURNPIKE ROAD,TROY,NY,12182,518-235-1410,11
366041,ADDISON HEIGHTS HEALTH AND REHABILITATION CENTER,3600 BUTZ RD,MAUMEE,OH,43537,419-867-7926,6
365044,ARC AT CINCINNATI,4001 ROSSLYN DRIVE,CINCINNATI,OH,45209,513-272-0600,3
366150,ASTORIA PLACE OF CINCINNATI,3627 HARVEY AVENUE,CINCINNATI,OH,45229,513-961-8881,2
366488,AVENUE AT LYNDHURST,5442 RAE ROAD,LYNDHURST,OH,44124,440-684-8448,1
366195,BEEGHLY OAKS CENTER FOR REHABILITATION & HEALING,6505 MARKET STREET,YOUNGSTOWN,OH,44512,330-884-2300,38
365972,CANFIELD HEALTHCARE CENTER,2958 CANFIELD RD,YOUNGSTOWN,OH,44511,330-792-5511,9
365412,COMMUNITY SKILLED HEALTHCARE,1320 MAHONING AVE NW,WARREN,OH,44483,330-373-1160,2
365417,COUNTRY CLUB CENTER I,860 IRON AVENUE,DOVER,OH,44622,330-343-5568,3
366199,COUNTRY LANE GARDENS REHAB & NURSING CTR,7820 PLEASANTVILLE ROAD,PLEASANTVILLE,OH,43148,740-536-7381,8
366418,DUBLIN POST ACUTE,4075 WEST DUBLIN-GRANVILLE ROAD,DUBLIN,OH,43017,614-210-0541,6
366235,FAIR HAVEN SHELBY COUNTY,2901 FAIR ROAD,SIDNEY,OH,45365,937-492-6900,8
365907,FRANCISCAN CARE CTR SYLVANIA,4111 HOLLAND SYLVANIA RD,TOLEDO,OH,43623,419-882-6582,8
365355,GARDENS OF MAYFIELD VILLAGE,6757 MAYFIELD RD,MAYFIELD HEIGHTS,OH,44124,440-473-0090,10
366236,GOOD SHEPHERD VILLAGE,422 NORTH BURNETT ROAD,SPRINGFIELD,OH,45503,937-322-1911,1
365147,HIGHLAND OAKS HEALTH CENTER,4114 NORTH STATE ROUTE 376 NW,MCCONNELSVILLE,OH,43756,740-962-3761,15
365344,LUXE REHABILITATION AND CARE CENTER,957 BECKS KNOB ROAD,LANCASTER,OH,43130,740-654-2634,14
365667,MEDINA CENTER FOR REHABILITATION AND NURSING,555 SPRINGBROOK DR,MEDINA,OH,44256,330-725-3393,17
365461,MUSKINGUM SKILLED NURSING & REHABILITATION,501 PINECREST DRIVE,BEVERLY,OH,45715,740-984-4262,1
365559,ROLLING HILLS REHAB AND CARE CTR,68222 COMMERCIAL DRIVE,BRIDGEPORT,OH,43912,740-635-4600,10
365521,SAINT LUKE LUTHERAN HOME,220 APPLEGROVE STREET NE,NORTH CANTON,OH,44720,330-499-8341,6
366096,SALEM WEST HEALTHCARE CENTER,2511 BENTLEY DRIVE,SALEM,OH,44460,330-337-9503,7
365950,SAPPHIRE REHABILITATION AND CARE CENTER,1605 NORTHWEST PROFESSIONAL PLAZA,COLUMBUS,OH,43220,614-451-5677,7
366448,STELLAR CARE CENTER,47045 MOORE RIDGE ROAD,WOODSFIELD,OH,43793,740-472-0144,8
366457,THE LAURELS OF GAHANNA,5151 NORTH HAMILTON ROAD,COLUMBUS,OH,43230,614-337-1066,10
365539,WARREN NURSING & REHAB,2473 NORTH RD NE,WARREN,OH,44483,330-372-2251,2
375541,"CHICKASHA NURSING CENTER, INC",2701 SOUTH 9TH STREET,CHICKASHA,OK,73018,405-224-3593,1
375295,COMMUNITY HEALTH CARE OF GORE,503 SOUTH MAIN STREET,GORE,OK,74435,918-489-2299,13
375416,FIRST SHAMROCK CARE CENTER,1415 SOUTH MAIN STREET,KINGFISHER,OK,73750,405-375-3157,1
375527,GARLAND ROAD NURSING & REHAB CENTER,1404 NORTH GARLAND ROAD,ENID,OK,73703,580-234-2526,6
375510,LAWTON POST ACUTE & REHAB,1700 NORTHWEST FORT SILL BLVD,LAWTON,OK,73507,580-355-1616,1
375388,"MIAMI NURSING CENTER, LLC",1100 EAST STREET NORTHEAST,MIAMI,OK,74354,918-542-3335,2
375117,OAK HILLS LIVING CENTER,1100 WEST GEORGIA,JONES,OK,73049,405-400-2295,11
375229,RANCHWOOD NURSING CENTER,824 SOUTH YUKON PARKWAY,YUKON,OK,73099,405-354-2022,3
375173,"SEQUOYAH MANOR, LLC",615 EAST REDWOOD,SALLISAW,OK,74955,918-775-4881,6
375365,SOUTH POINTE REHABILITATION AND CARE CENTER,5725 SOUTH ROSS,OKLAHOMA CITY,OK,73119,405-685-4791,17
385187,CASCADE TERRACE POST ACUTE,5601 SE 122ND AVENUE,PORTLAND,OR,97236,503-761-3181,5
385117,FRENCH PRAIRIE NURSING & REHABILITATION CENTER,601 EVERGREEN ROAD,WOODBURN,OR,97071,503-982-0111,8
385222,SAINT HELENS POST ACUTE,75 SHORE DRIVE,SAINT HELENS,OR,97051,503-397-2713,4
385167,SOUTH HILLS REHABILITATION CENTER,1166 E. 28TH AVENUE,EUGENE,OR,97403,541-345-0534,7
385272,TIGARD REHABILITATION AND CARE,14145 SW 105TH AVENUE,TIGARD,OR,97224,503-639-1144,2
395471,ARMSTRONG REHABILITATION AND NURSING CENTER,265 SOUTH MCKEAN STREET,KITTANNING,PA,16201,724-548-2222,4
395883,BURGH CARE CENTER,909 WEST STREET,PITTSBURGH,PA,15221,412-723-3662,13
395746,CARLISLE SKILLED NURSING AND REHABILITATION CENTER,940 WALNUT BOTTOM ROAD,CARLISLE,PA,17013,717-249-0085,4
395160,EMBASSY OF SAXONBURG,223 PITTSBURGH ST,SAXONBURG,PA,16056,724-352-9445,4
395273,EMBASSY OF SCRANTON,824 ADAMS AVENUE,SCRANTON,PA,18510,570-346-5704,6
395433,EMBASSY OF TUNKHANNOCK,30 VIRGINIA DRIVE,TUNKHANNOCK,PA,18657,570-836-5166,3
395015,FRIENDSHIP REHAB AND HEALTH,246 FRIENDSHIP CIRCLE,BEAVER,PA,15009,724-775-7100,23
395695,GREENERY CENTER FOR REHAB AND NURSING,2200 HILL CHURCH-HOUSTON ROAD,CANONSBURG,PA,15317,724-745-8000,3
396048,HARMAR VILLAGE HEALTH & REHAB CENTER,715 FREEPORT ROAD,CHESWICK,PA,15024,724-274-3773,1
395732,HERITAGE CARE CENTER,5701 PHILLIPS AVENUE,PITTSBURGH,PA,15217,412-422-5100,8
395846,KADIMA REHABILITATION & NURSING AT CAMPBELLTOWN,2880 HORSESHOE PIKE,PALMYRA,PA,17078,717-838-2231,10
395538,KADIMA REHABILITATION & NURSING AT CHESWICK,3876 SAXONBURG BOULEVARD,CHESWICK,PA,15024,412-767-4998,2
395828,"MAPLE HEIGHTS HEALTH & REHAB CENTER, LLC",429 MANOR DRIVE,EBENSBURG,PA,15931,814-472-8100,7
395476,NORTHAMPTON COUNTY-GRACEDALE,GRACEDALE AVENUE,NAZARETH,PA,18064,610-746-1900,2
395666,SPRING HILL REHABILITATION AND NURSING CENTER,2170 RHINE STREET,PITTSBURGH,PA,15212,412-323-0420,6
395028,SQUIRREL HILL WELLNESS AND REHABILITATION CENTER,2025 WIGHTMAN STREET,PITTSBURGH,PA,15217,412-421-8443,22
395788,SUNNYVIEW NURSING AND REHABILITATION CENTER,107 SUNNYVIEW CIRCLE,BUTLER,PA,16001,724-282-1800,10
395500,TWIN LAKES REHABILITATION AND HEALTHCARE CENTER,227 SAND HILL ROAD,GREENSBURG,PA,15601,724-837-6482,5
395670,WECARE AT MONROEVILLE REHABILITATION AND NSG CTR,4142 MONROEVILLE BLVD,MONROEVILLE,PA,15146,412-856-7570,3
396115,WYNDMOOR HILLS REHABILITATION AND NURSING CENTER,8601 STENTON AVENUE,WYNDMOOR,PA,19038,215-233-6200,1
415110,ADVINIACARE OAKLAND GROVE LLC,560 CUMBERLAND HILL ROAD,WOONSOCKET,RI,02895,401-769-0800,1
415059,"ADVINIACARE ORCHARD, LLC",135 TRIPPS LANE,EAST PROVIDENCE,RI,02915,401-438-2250,6
415129,"ADVINIACARE SUMMIT COMMONS, LLC",99 HILLSIDE AVENUE,PROVIDENCE,RI,02906,401-574-4800,10
415079,CEDAR HAVEN OPERATIONS HOLDING LLC VALLEY VIEW HEA,4 ST JOSEPH STREET,WOONSOCKET,RI,02895,401-765-5844,14
415087,GREENVILLE OPERATIONS RI LLC DBA GREENVILLE SKILLE,735 PUTNAM PIKE,GREENVILLE,RI,02828,401-949-1200,3
425047,ACHIEVE REHABILITATION AND NURSING CENTER,611 EAST HAMPTON STREET,ANDERSON,SC,29624,864-226-5054,13
425106,HEARTLAND HEALTH CARE CENTER - GREENVILLE EAST,601 SULPHUR SPRINGS ROAD,GREENVILLE,SC,29617,864-246-2721,5
425368,JOHNS ISLAND POST ACUTE,3647 MAYBANK HIGHWAY,JOHNS ISLAND,SC,29455,843-559-5888,2
425032,MAGNOLIA MANOR - INMAN,63 BLACKSTOCK ROAD,INMAN,SC,29349,864-472-9055,16
425146,SANDPIPER POST ACUTE,1049 ANNA KNAPP BOULEVARD,MOUNT PLEASANT,SC,29464,843-881-3210,1
435068,AVANTARA WATERTOWN,415 FOURTH AVE NE,WATERTOWN,SD,57201,605-886-8431,2
43A138,MEDICINE WHEEL VILLAGE,24266 AIRPORT ROAD,EAGLE BUTTE,SD,57625,605-964-8155,7
435086,RIVERVIEW HEALTHCARE CENTER,611 EAST 2ND AVE,FLANDREAU,SD,57028,605-997-2481,49
435119,WILMOT CARE CENTER INC,501 4TH ST,WILMOT,SD,57279,605-938-4418,14
435056,WINNER REGIONAL HEALTHCARE CENTER,805 E 8TH ST,WINNER,SD,57580,605-842-7200,1
445170,"ANTIOCH TN OPCO, LLC",500 HICKORY HOLLOW TERRACE,ANTIOCH,TN,37013,615-731-7130,8
445292,BEECH TREE HEALTH AND REHABILITATION,240 HOSPITAL LANE PO BOX 300,JELLICO,TN,37762,423-784-6626,20
445260,DIVERSICARE OF OAK RIDGE,100 ELMHURST DR,OAK RIDGE,TN,37830,865-481-3367,10
445331,GRACELAND REHABILITATION AND NURSING CARE CENTER,1250 FARROW ROAD,MEMPHIS,TN,38116,901-332-7290,7
445114,LYONSVIEW HEALTH AND REHABILITATION CENTER,5837 LYONS VIEW PIKE,KNOXVILLE,TN,37919,865-584-3902,31
445150,MAJESTIC GARDENS AT MEMPHIS REHAB & SNC,131 N TUCKER,MEMPHIS,TN,38104,901-726-5600,4
445157,MULBERRY HEALTH & REHABILITATION,200 STRAHL STREET,FRANKLIN,TN,37064,615-791-1103,2
445254,ONEIDA NURSING AND REHAB CENTER,18805 ALBERTA DR,ONEIDA,TN,37841,423-569-8382,7
445220,SPRING GATE REHAB & HEALTHCARE CENTER,3909 COVINGTON PIKE,MEMPHIS,TN,38135,901-377-1011,1
445491,THE MCKENDREE POST ACUTE & REHABILITATION,4347 LEBANON ROAD,HERMITAGE,TN,37076,615-871-8200,26
675424,ADVANCED REHABILITATION AND HEALTHCARE OF ATHENS,121 COMMONS DRIVE,ATHENS,TX,75751,903-677-3434,5
455682,AFTON OAKS NURSING AND REHABILITATION CENTER,7514 KINGSLEY ST,HOUSTON,TX,77087,713-644-8393,8
455724,ARBOR VIEW NURSING & REHABILITATION,1213 WATER ST,KERRVILLE,TX,78028,830-896-2411,10
675789,AVIR AT ARDEN WOOD,8810 LONG POINT DR,HOUSTON,TX,77055,713-468-7833,1
675949,AVIR AT COWHORN CREEK,5524 COWHORN CREEK,TEXARKANA,TX,75503,903-223-1188,1
455940,AVIR AT LUBBOCK,4710 SLIDE RD,LUBBOCK,TX,79414,806-797-3481,16
675408,AVIR AT OVERTON,1110 HWY 135 S,OVERTON,TX,75684,903-834-6166,1
455429,AVIR AT ROSE TRAIL,930 S BAXTER,TYLER,TX,75701,903-597-2068,9
675822,BELTLINE HEALTHCARE CENTER,106 N BELTLINE RD,GARLAND,TX,75040,972-495-7700,3
455390,BUENA VIDA NURSING AND REHAB-SAN ANTONIO,5027 PECAN GROVE,SAN ANTONIO,TX,78222,210-333-6815,7
455862,CORAL REHABILITATION AND NURSING OF AUSTIN,6909 BURNET LN,AUSTIN,TX,78757,512-452-5719,11
676263,DEERBROOK SKILLED NURSING AND REHAB CENTER,9250 HUMBLE-WESTFIELD RD,HUMBLE,TX,77338,281-446-5160,2
455881,DFW NURSING & REHAB,900 W LEUDA ST,FORT WORTH,TX,76104,817-332-7003,10
676295,EPIC NURSING & REHABILITATION,3210 W HWY 22,CORSICANA,TX,75110,903-872-4880,9
455815,FALLBROOK REHABILITATION AND CARE CENTER,10851 CRESCENT MOON DR.,HOUSTON,TX,77064,281-955-4100,5
675089,FOCUSED CARE AT SHERMAN,817 W CENTER,SHERMAN,TX,75090,903-893-6348,1
675254,GALVESTON NURSING AND REHABILITATION CENTER,3702 COVE VIEW BLVD,GALVESTON,TX,77554,409-740-7330,2
675020,GREENVILLE HEALTH & REHABILITATION CENTER,4910 WELLINGTON,GREENVILLE,TX,75402,903-454-3772,1
675564,HARMONY CARE AT GIDDINGS,1181 N WILLIAMSON ST,GIDDINGS,TX,78942,979-542-3611,7
676428,"IGNITE MEDICAL RESORT EL PASO, LLC",3421 JOE BATTLE BOULEVARD,EL PASO,TX,79936,915-599-5500,3
455855,KENNEDY HEALTH & REHAB,504 N. JOHN REDDITT DR,LUFKIN,TX,75904,936-632-3331,9
676053,MERKEL NURSING CENTER,1704 N. 1ST,MERKEL,TX,79536,325-928-5673,5
676251,MISTY WILLOW HEALTHCARE AND REHABILITATION CENTER,12921 MISTY WILLOW DR,HOUSTON,TX,77070,281-469-7881,8
455718,PEBBLE CREEK NURSING CENTER,11608 SCOTT SIMPSON DRIVE,EL PASO,TX,79936,915-857-0071,1
676055,SHADY ACRES HEALTH & REHABILITATION,405 SHADY ACRES LANE,NEWTON,TX,75966,409-379-8911,3
676450,TERRA BELLA HEALTH AND WELLNESS SUITES,12262 CITYSCAPE AVE,HOUSTON,TX,77047,346-998-3500,13
676439,TRINITY REHABILITATION & HEALTHCARE CENTER,314 E CAROLINE ST,TRINITY,TX,75862,936-744-1300,8
676103,WELLS LTC NURSING & REHABILITATION,46 MAY STREET,WELLS,TX,75976,936-867-4707,5
675386,WHISPERING PINES LODGE,2131 ALPINE RD,LONGVIEW,TX,75601,903-757-8786,9
675756,WILLIAMSBURG VILLAGE HEALTHCARE CAMPUS,941 SCOTLAND DR,DESOTO,TX,75115,972-572-6200,4
465088,MISSION AT ALPINE REHABILITATION CENTER,25 EAST ALPINE DRIVE,PLEASANT GROVE,UT,84062,801-785-3568,10
465146,MONUMENT HEALTHCARE SOUTH SALT LAKE,2472 SOUTH 300 EAST,SALT LAKE CITY,UT,84115,801-466-2211,7
465119,PROVO REHABILITATION AND NURSING,1001 NORTH 500 WEST,PROVO,UT,84604,801-377-9661,4
465137,RED CLIFFS HEALTH AND REHAB,1745 EAST 280 NORTH,ST GEORGE,UT,84790,435-628-7770,16
465085,SAN RAFAEL HEALTH AND REHABILITATION,455 WEST MILL ROAD,FERRON,UT,84523,435-384-2301,4
495362,ASHLAND NURSING AND REHABILITATION,906 THOMPSON STREET,ASHLAND,VA,23005,804-798-3291,10
495097,PARHAM HEALTH CARE & REHAB CENTER,2400 E PARHAM ROAD,RICHMOND,VA,23228,804-264-9185,8
495151,SEVEN HILLS REHABILITATION AND NURSING,2081 LANGHORNE ROAD,LYNCHBURG,VA,24501,434-846-8437,1
495123,WONDER CITY REHABILITATION AND NURSING CENTER,905 COUSINS AVENUE,HOPEWELL,VA,23860,804-458-6325,2
495315,WOODSTOCK VALLEY HEALTH AND REHABILITATION,803 SOUTH MAIN ST,WOODSTOCK,VA,22664,540-459-5676,9
475037,"BARRE GARDENS NURSING AND REHAB, LLC",378 PROSPECT STREET,BARRE,VT,05641,802-476-4166,4
475014,PREMIER REHAB AND HEALTHCARE AT BURLINGTON,300 PEARL STREET,BURLINGTON,VT,05401,802-658-4200,1
475019,ST. JOHNSBURY HEALTH & REHAB,1248 HOSPITAL DRIVE,SAINT JOHNSBURY,VT,05819,802-748-8757,10
475055,THE VILLA REHAB,7 FOREST HILL DRIVE,ST. ALBANS,VT,05478,802-524-3498,4
475050,THOMPSON HOUSE NURSING HOME,80 MAPLE STREET,BRATTLEBORO,VT,05301,802-254-4977,4
505355,AUBURN POST ACUTE,414 - 17TH SOUTHEAST,AUBURN,WA,98002,253-833-1740,5
505123,BREMERTON TRAILS POST ACUTE,2701 CLARE AVENUE,BREMERTON,WA,98310,360-377-3951,5
505275,COLVILLE HEALTH AND REHABILITATION OF CASCADIA,1000 EAST ELEP STREET,COLVILLE,WA,99114,509-684-2573,11
505322,SPOKANE HEALTH & REHABILITATION,NORTH 6025 ASSEMBLY,SPOKANE,WA,99205,509-326-8282,11
505387,WOODARD CREEK HEALTH & REHABILITATION,3333 ENSIGN ROAD NORTHEAST,OLYMPIA,WA,98506,360-493-4900,1
525498,AMETHYST HEALTH OF BROWN DEER,7500 W DEAN RD,MILWAUKEE,WI,53223,414-371-7500,3
525405,AMETHYST HEALTH OF WAUSAU,1010 E WAUSAU AVE,WAUSAU,WI,54403,715-842-2028,8
525371,BAYSHORE NURSING & REHAB,1300 WEST SILVER SPRING DR,GLENDALE,WI,53209,414-228-8120,31
525338,BEAVER DAM HEALTH CARE CENTER,410 ROEDL CT.,BEAVER DAM,WI,53916,920-887-7191,4
525325,BRADLEY ESTATES NURSING AND REHAB LLC,6735 W BRADLEY RD,MILWAUKEE,WI,53223,414-354-3300,26
525418,"EVANSVILLE MANOR NURSING AND REHAB, LLC",470 GARFIELD AVE,EVANSVILLE,WI,53536,608-882-5700,4
525172,JEWISH HOME AND CARE CENTER,1414 N PROSPECT AVE,MILWAUKEE,WI,53202,414-276-2627,2
525281,WATERS EDGE HEALTH AND REHABILITATION CENTER,3415 N SHERIDAN RD,KENOSHA,WI,53140,262-657-6175,9
525333,WATERTOWN HEALTH CARE CENTER,121 HOSPITAL DR.,WATERTOWN,WI,53098,920-261-9220,1
525688,WI VETERANS HOME-BOLAND HALL,21425 E SPRING ST,UNION GROVE,WI,53182,262-878-6702,1
515186,BLUESTONE HEALTH AND REHABILITATION,1600 BLAND STREET,BLUEFIELD,WV,24701,304-327-2485,3
515128,BRIGHTWOOD CENTER,840 LEE ROAD,FOLLANSBEE,WV,26037,304-527-1100,10
515189,FAIRMONT REHABILITATION AND HEALTHCARE CENTER LLC,130 KAUFMAN DRIVE,FAIRMONT,WV,26554,304-363-5633,8
515065,MOUNTAIN VIEW CARE CENTER,107 MILLER DRIVE,RIPLEY,WV,25271,304-633-4732,5
515170,SUMMERS HEALTHCARE CENTER,198 JOHN COOK NURSING HOME ROAD,HINTON,WV,25951,304-466-0332,8
535026,BIG HORN REHABILITATION AND CARE CENTER,1851 BIG HORN AVE,SHERIDAN,WY,82801,307-674-4416,8
535024,CASPER MOUNTAIN REHABILITATION AND CARE CENTER,4305 S POPLAR,CASPER,WY,82601,307-237-2561,15
535054,GREEN HOUSE LIVING FOR SHERIDAN,2311 SHIRLEY COVE,SHERIDAN,WY,82801,307-672-0600,3
535025,POLARIS REHABILITATION AND CARE CENTER,2700 E 12TH STREET,CHEYENNE,WY,82001,307-634-7986,8
535048,WORLAND HEALTH AND REHABILITATION,1901 HOWELL AVE,WORLAND,WY,82401,307-347-4285,5
